ID,Name,Address,Phone,WeChat,Email,Profession,Birth,Risk,hasDDL,Deadline
1,Aileen Bingham,"Virginia Avenue, 4598",5-542-015-3648,4EMEvgjsde,Aileen_Bingham4876@sveldo.biz,4,11/3/1991,0,True,11/15/2022
2,Clarissa Gaynor,"Enderby   Walk, 2064",6-854-460-2764,L5C8Gh20vq,Clarissa_Gaynor8602@tonsy.org,0,10/31/2006,0,False,7/12/2022
3,Joy Santos,"Cardinal Vale, 6801",2-183-158-0262,kPAf3vbuW5,Joy_Santos2064@extex.org,4,7/15/1992,0,True,6/15/2022
4,Bob Douglas,"Cheney  Road, 717",1-645-861-7076,e4yuBJX9DO,Bob_Douglas5038@brety.org,5,12/26/1999,1,False,5/1/2022
5,Ethan Bristow,"Elgood   Way, 7323",8-534-668-7343,fx7zqAr9ix,Ethan_Bristow869@ubusive.com,0,10/26/2012,1,False,7/24/2022
6,Benjamin Spencer,"Chartham  Vale, 8714",3-058-541-4741,8bD5yRYq6n,Benjamin_Spencer7524@liret.org,5,10/19/1979,2,False,9/25/2022
7,Mike Shields,"Argyle  Route, 3274",5-531-332-6233,qiLOpwzt7u,Mike_Shields6579@nickia.com,4,8/3/2015,2,False,8/2/2022
8,Deborah Ashley,"Catherine  Route, 8157",3-013-781-3740,lobj34tTC7,Deborah_Ashley9581@naiker.biz,1,8/14/2020,2,True,7/11/2022
9,Danny Wills,"Canon Walk, 9542",1-034-172-4641,nuV0ZPBdaN,Danny_Wills32@vetan.org,4,5/4/1979,2,True,8/20/2022
10,Adalie Kent,"Duthie   Road, 1875",1-132-058-0014,ZvVtKZtQ1l,Adalie_Kent4910@deavo.com,6,3/15/1972,1,False,12/2/2022
11,Henry Fox,"Sundown Rue, 5263",2-065-308-5564,xEKksbhPj8,Henry_Fox6053@mafthy.com,1,6/10/1986,0,True,9/25/2022
12,Michelle Harper,"Ellerslie Avenue, 9983",4-066-307-7645,BEFipfeU0m,Michelle_Harper4458@irrepsy.com,6,5/14/1975,1,True,12/6/2022
13,Karen Coll,"Bempton   Walk, 2262",6-565-050-8188,UtoXFkxp6V,Karen_Coll4781@liret.org,4,7/19/2000,0,False,11/18/2022
14,Wendy Sylvester,"Bush  Drive, 5308",3-615-055-3782,CI02QYIEvk,Wendy_Sylvester2110@bulaffy.com,3,7/27/1975,1,True,8/10/2022
15,Logan Jackson,"Hammersmith  Hill, 68",5-580-374-7275,huL6L1mhx7,Logan_Jackson340@hourpy.biz,3,7/2/1997,0,True,12/17/2022
16,Ramon Hudson,"Bendmore  Street, 3199",6-636-770-5136,rCuCiuekyk,Ramon_Hudson5537@grannar.com,6,5/4/2016,0,True,12/14/2022
17,Hadley Matthews,"Chestnut  Rue, 6495",4-478-526-7052,vNXtLMczA5,Hadley_Matthews3487@iatim.tech,1,8/28/1992,2,False,12/11/2022
18,Angelique Bowen,"Carolina  Route, 6472",0-063-617-0478,LRpsJ4jf37,Angelique_Bowen9342@atink.com,1,10/29/2005,0,False,8/15/2022
19,Melanie Button,"Meadow Avenue, 2667",7-237-763-1111,LHdqF6ftIN,Melanie_Button5337@infotech44.tech,5,4/4/1992,2,True,8/22/2022
20,Fred Mason,"Bloomsbury  Boulevard, 9483",2-708-524-5487,LeWDTQhZco,Fred_Mason2645@irrepsy.com,2,8/19/2006,1,False,8/29/2022
21,Lucas Zaoui,"King Tunnel, 1649",8-456-821-6164,C30S8UtMHJ,Lucas_Zaoui5830@tonsy.org,3,4/26/1991,1,False,11/26/2022
22,Ethan Spencer,"Paris   Boulevard, 4159",1-366-446-3480,s2HBVRDWuS,Ethan_Spencer5093@liret.org,3,3/5/2015,0,False,7/12/2022
23,Boris Lane,"Beechen  Road, 9576",4-524-512-1218,lUlHsKK0Pr,Boris_Lane758@yahoo.com,2,6/15/2003,0,False,8/24/2022
24,Phillip Emmott,"Cliffords  Drive, 7291",8-531-262-7515,snvPbm22Ix,Phillip_Emmott2225@infotech44.tech,6,8/1/2006,1,False,8/12/2022
25,Chester Wright,"Bennett  Alley, 9484",1-430-661-2170,Zzz5skdcJI,Chester_Wright3640@joiniaa.com,1,3/27/2010,1,True,11/10/2022
26,Harmony Veale,"Timber   Street, 9381",8-265-305-3155,KZ7ywINPmQ,Harmony_Veale6506@hourpy.biz,0,11/26/2021,2,False,12/14/2022
27,Michaela Roman,"Bacton   Walk, 7552",4-127-452-7111,jslqQaskIW,Michaela_Roman7309@grannar.com,3,11/21/2003,2,False,6/16/2022
28,Bridget Phillips,"Canal  Avenue, 3599",8-765-438-5783,1OoYtiyOkt,Bridget_Phillips4268@dionrab.com,1,4/16/1971,1,True,12/17/2022
29,Clint Downing,"Aberavon  Drive, 2896",0-206-420-7035,ft6mhvlksO,Clint_Downing6957@gembat.biz,2,4/29/1971,1,False,11/8/2022
30,Rowan Jarvis,"Kingly  Rue, 7009",6-310-836-2556,WVQDUBvtho,Rowan_Jarvis833@bretoux.com,1,2/10/2003,1,False,6/12/2022
31,Kirsten Morgan,"Westbourne Boulevard, 5923",1-337-132-5724,kkHDoC2Y9u,Kirsten_Morgan9629@zorer.org,3,2/12/1994,0,False,10/31/2022
32,Sonya Harrison,"Angela   Alley, 2081",6-181-657-7727,rxW0Ph5Xy9,Sonya_Harrison8095@twipet.com,4,8/5/1994,2,True,12/22/2022
33,Benjamin Verdon,"Kilner   Walk, 8802",4-558-300-0206,vETN2zNqDZ,Benjamin_Verdon3859@fuliss.net,0,6/15/1988,0,True,6/17/2022
34,Denny Mason,"Sundown Route, 4127",5-116-114-4837,zBsdEmlmFI,Denny_Mason4482@extex.org,0,12/3/2016,2,True,10/17/2022
35,Parker Durrant,"Sundown Lane, 1626",6-455-337-3026,krQRHHFxQi,Parker_Durrant9504@corti.com,0,12/9/2007,0,True,11/26/2022
36,Mason Samuel,"Cheltenham  Rue, 5398",0-246-107-5831,Hfnlw8g4JX,Mason_Samuel403@tonsy.org,5,5/21/1991,2,False,7/13/2022
37,Aisha Gordon,"Chandos  Drive, 6187",4-367-067-0756,SbfJBCrRrO,Aisha_Gordon5747@nickia.com,2,4/3/1974,1,False,7/31/2022
38,Ronald Wright,"Bel   Walk, 6766",5-733-802-8012,sgQY2sYvnC,Ronald_Wright5419@muall.tech,3,7/5/1979,2,True,10/31/2022
39,Tyson Khan,"East Grove, 720",0-612-855-2872,2kKnEJ0LYP,Tyson_Khan1664@twace.org,6,1/12/1992,0,False,10/19/2022
40,John Villiger,"Chalcot  Hill, 5255",7-428-770-6802,THCy4nMzXz,John_Villiger7329@deons.tech,6,10/28/1976,1,True,10/16/2022
41,Amy Dallas,"Garfield Alley, 5485",4-181-632-8755,LiMrJZTz86,Amy_Dallas1865@deons.tech,4,7/21/1986,1,False,12/30/2022
42,Anne Ellis,"Fairholt   Street, 7481",5-008-641-0833,lUGlUBU1MU,Anne_Ellis8331@supunk.biz,5,2/23/2003,1,True,7/27/2022
43,Adalie Reynolds,"Cavaye  Lane, 8085",2-841-631-0646,cCBZulMWgb,Adalie_Reynolds9575@brety.org,6,9/19/1970,2,True,6/13/2022
44,Freya Morley,"Thomas More   Vale, 2408",0-057-284-0653,7tXWTPfIx2,Freya_Morley8793@bretoux.com,0,9/19/1987,0,True,8/11/2022
45,Luke Ranks,"Kimberley  Rue, 1206",3-450-221-0650,zHWWKsheh1,Luke_Ranks4679@infotech44.tech,4,5/27/1981,2,True,12/14/2022
46,Luke Bolton,"Blenkarne  Pass, 1124",4-824-852-6626,0ZJQ6d70VT,Luke_Bolton6060@atink.com,5,12/3/2005,2,True,11/30/2022
47,Michaela Varndell,"Cavendish Rue, 6287",6-275-208-5648,VYXx50iwLj,Michaela_Varndell1420@deavo.com,5,9/27/1991,0,True,11/5/2022
48,Roger Kennedy,"Bellenden   Avenue, 6034",7-334-040-3500,mtdDkfDMCD,Roger_Kennedy9052@corti.com,2,1/28/2005,2,True,6/14/2022
49,Barry Neville,"Balham   Walk, 8789",1-540-312-7105,rUbi4190De,Barry_Neville9089@nickia.com,6,12/18/2015,0,True,11/13/2022
50,Nick Bradshaw,"East Drive, 5101",6-206-148-5543,xVtXO5kNom,Nick_Bradshaw6819@nimogy.biz,2,10/20/1980,1,False,8/22/2022
51,Brad Mann,"Monroe Pass, 4024",6-885-408-4864,1KU3Cgpi2C,Brad_Mann9716@sveldo.biz,3,8/16/2021,1,False,7/17/2022
52,Samantha Yates,"Oxford Crossroad, 1967",2-807-452-6426,PU0WvxXpkN,Samantha_Yates9747@atink.com,5,12/5/1988,1,False,7/11/2022
53,Chester Douglas,"Bales  Drive, 3843",5-141-306-0418,WWQ8SuQeCl,Chester_Douglas9540@eirey.tech,2,10/5/2021,0,False,11/28/2022
54,David Bright,"Heritage Route, 2894",7-872-281-4323,mv7wn1QHJm,David_Bright7183@bauros.biz,1,12/4/1984,0,False,12/1/2022
55,Oliver Michael,"Thomas  Road, 652",0-858-726-3432,K3PoFOn906,Oliver_Michael549@jiman.org,3,10/17/1991,2,False,9/15/2022
56,Winnie Allen,"Fairbairn  Grove, 445",5-458-567-5413,a9MHDoDhId,Winnie_Allen1915@deavo.com,2,4/15/2012,0,False,12/21/2022
57,Taylor Woodcock,"Coleman  Lane, 7049",7-105-718-0800,EQTjb0PFQu,Taylor_Woodcock9947@joiniaa.com,4,10/18/1978,2,True,9/16/2022
58,Daron Saunders,"Egerton  Avenue, 6793",4-871-771-7375,ORn60uba32,Daron_Saunders8476@yahoo.com,1,12/17/1992,0,False,7/8/2022
59,Harvey Barrett,"Clerkenwell Rue, 2875",6-361-120-4735,splxl5ouH6,Harvey_Barrett7447@qater.org,0,3/5/1996,2,True,10/29/2022
60,Joy Silva,"Chancellor  Alley, 1065",6-345-650-1528,bdkVAfkrU0,Joy_Silva1464@deavo.com,5,2/26/2006,1,True,8/16/2022
61,Caleb Patel,"Cam  Route, 9300",6-225-220-1710,jHuPlsx3pl,Caleb_Patel5584@deavo.com,2,1/1/2011,0,True,11/12/2022
62,Caleb Hood,"Angel  Avenue, 3979",8-762-278-7367,ZXsULm4xbZ,Caleb_Hood2234@ovock.tech,6,4/28/1988,0,True,10/22/2022
63,Kurt Thatcher,"Fieldstone Alley, 9258",7-034-037-4438,8TD9u1s6ec,Kurt_Thatcher6337@muall.tech,4,3/30/1972,0,True,7/22/2022
64,Sarah Lucas,"Beechen  Drive, 9554",8-886-762-2488,HdjcLZwZyQ,Sarah_Lucas9990@kideod.biz,6,5/6/1973,1,True,12/24/2022
65,Bob Roscoe,"Wadham  Crossroad, 3074",8-830-516-2348,9DKq3d9rGk,Bob_Roscoe8665@naiker.biz,6,2/13/2021,2,False,8/17/2022
66,Paige Wood,"Anns  Boulevard, 8519",8-708-682-5260,uLssCGdFEy,Paige_Wood2262@twipet.com,3,7/6/1970,0,True,7/1/2022
67,Olivia Hobson,"Waldram Park  Street, 17",1-712-763-2372,JSOBvkg7T5,Olivia_Hobson3769@bretoux.com,6,2/20/1994,1,False,6/14/2022
68,Kieth Murray,"Howard Way, 3070",0-743-007-4731,U11EzgMx3n,Kieth_Murray324@iatim.tech,2,7/3/2006,1,True,10/26/2022
69,Cecilia Calderwood,"Cable    Drive, 3671",1-542-773-3004,zPupAMKqCO,Cecilia_Calderwood5954@dionrab.com,5,7/26/2002,1,True,5/3/2022
70,Gabriel Walsh,"Fairview Avenue, 8474",5-313-582-1828,oO4HjhsmTZ,Gabriel_Walsh1892@hourpy.biz,0,2/11/1971,0,True,8/25/2022
71,Logan Hill,"Clissold  Street, 7292",2-223-033-3214,yuLbYkHTqT,Logan_Hill4805@twace.org,2,3/22/2011,1,True,6/10/2022
72,Aeris Bishop,"Gautrey  Road, 6688",4-247-160-4302,RZhawL2h6V,Aeris_Bishop9525@guentu.biz,6,5/31/2021,0,True,8/16/2022
73,Gil Brock,"Blenkarne  Street, 1190",0-403-073-8428,E6ETjVh3cV,Gil_Brock2398@ubusive.com,0,3/24/2002,1,True,11/19/2022
74,Harvey Dobson,"Abbots   Lane, 1016",2-337-331-0356,ZWtvvM6v7r,Harvey_Dobson6295@grannar.com,0,10/24/1992,0,False,9/30/2022
75,Grace Jones,"Chester  Rue, 2549",8-137-535-8515,9t6YpyPbZ7,Grace_Jones6183@guentu.biz,5,1/16/2021,1,False,12/5/2022
76,Diane Bennett,"Bermondsey    Avenue, 160",3-478-850-6341,mBOSWPkxuo,Diane_Bennett96@gmail.com,6,6/1/1984,2,False,8/21/2022
77,Rufus Yates,"Caxton  Drive, 3449",7-010-526-0252,l8tWZFAqC6,Rufus_Yates8773@bauros.biz,3,5/24/1972,0,False,9/28/2022
78,Cameron Wilcox,"Sundown Street, 27",1-583-470-0053,uP4Z4TnAgZ,Cameron_Wilcox1433@hourpy.biz,3,7/17/2021,2,False,9/17/2022
79,Daron Doherty,"Charnwood   Road, 1935",0-745-370-6002,MSrk8yiXi3,Daron_Doherty5556@eirey.tech,2,4/2/1971,2,False,5/8/2022
80,Trisha Cadman,"Westbourne Alley, 1183",8-146-434-0084,U9cSeiOms3,Trisha_Cadman5014@sheye.org,6,7/15/1970,0,False,7/28/2022
81,Angel Forth,"English   Crossroad, 6532",1-840-568-1480,XjVNZbfsHw,Angel_Forth9913@qater.org,0,3/18/2001,2,False,8/5/2022
82,Ronald Yarlett,"Cave   Boulevard, 3030",3-382-880-1012,kxs1LCVau2,Ronald_Yarlett2010@acrit.org,6,6/23/2000,2,False,8/2/2022
83,Jacob London,"Victorian  Vale, 6148",7-665-372-6038,qUkaNEDp69,Jacob_London4444@acrit.org,5,6/23/2013,0,False,6/7/2022
84,Crystal Robertson,"Thrale   Avenue, 7701",6-243-263-5842,86NmWT1w0Z,Crystal_Robertson8675@nickia.com,4,8/21/1980,1,False,10/20/2022
85,Cadence Archer,"Magnolia Hill, 1314",1-734-114-8157,n7pW3n3OsM,Cadence_Archer8455@ovock.tech,5,3/21/2011,0,False,8/15/2022
86,Andrea Roberts,"Camley   Grove, 208",0-420-303-7420,Cq15U1ltMv,Andrea_Roberts4528@bungar.biz,1,9/16/1976,2,False,8/6/2022
87,Mason Lomax,"College  Grove, 7146",5-446-736-3636,3aOQjkE71t,Mason_Lomax535@bulaffy.com,5,4/16/2017,0,False,11/15/2022
88,Wade Stubbs,"Clavell   Route, 7274",6-855-040-2800,b3j9inuyUz,Wade_Stubbs2617@liret.org,3,1/26/1998,1,False,10/4/2022
89,Eve Darcy,"King William  Pass, 3951",4-240-131-5005,MYD3erJGUw,Eve_Darcy6613@vetan.org,6,3/13/1994,1,False,5/25/2022
90,Rufus Dale,"Coal Wharf  Tunnel, 1714",5-135-348-5350,SKYlyskmfl,Rufus_Dale4684@atink.com,5,9/26/2019,0,False,10/27/2022
91,Ron Attwood,"Cedarne  Avenue, 183",6-127-071-5707,KgvjH8imMQ,Ron_Attwood256@joiniaa.com,6,6/14/2016,1,False,9/10/2022
92,Peter Jordan,"Sundown Pass, 1542",0-511-550-1356,sZRupsX6hX,Peter_Jordan9654@ovock.tech,6,2/26/1995,2,False,12/22/2022
93,Johnathan Faulkner,"Canon Boulevard, 3239",4-270-272-7716,vXMwDlQrfe,Johnathan_Faulkner993@nanoff.biz,1,11/9/2004,0,False,11/9/2022
94,Bernadette Bloom,"Cliff  Way, 6615",7-207-312-5610,mgzzaHlWM3,Bernadette_Bloom3306@deavo.com,5,3/18/1988,0,False,12/23/2022
95,Wade Stevens,"Glenwood Lane, 4727",6-228-818-1758,djbveiRcEc,Wade_Stevens5356@joiniaa.com,0,10/5/1977,0,False,8/7/2022
96,Ryan Anderson,"Aspen Walk, 1745",2-485-640-1216,u20AM5OziK,Ryan_Anderson4653@dionrab.com,1,4/28/1979,2,False,8/9/2022
97,Louise Rosenbloom,"Bethwin  Tunnel, 6543",2-718-858-7725,03QA0bxbis,Louise_Rosenbloom4057@tonsy.org,0,4/26/2010,0,False,10/5/2022
98,Sarah Page ,"Angel  Tunnel, 5166",2-876-458-1284,vVs64mGLFX,Sarah_Page 2979@bauros.biz,5,9/25/2001,0,False,9/23/2022
99,Enoch Rogers,"Fairfield  Hill, 2045",8-021-477-2236,J5JI9LAHAq,Enoch_Rogers2040@tonsy.org,4,12/13/1985,1,False,7/17/2022
100,Darlene Noach,"Viscount   Tunnel, 7304",6-545-843-3725,kVjgt3o3Wp,Darlene_Noach3543@naiker.biz,0,7/15/1971,0,False,12/29/2022
101,Tyler Clifton,"Birkenhead   Pass, 8574",7-751-567-8433,Vp4DX0anW0,Tyler_Clifton4589@joiniaa.com,6,3/5/1984,0,False,5/2/2022
102,Violet Vallory,"Bekesbourne   Avenue, 2968",6-545-458-7271,S2VBUZs5n2,Violet_Vallory8533@nickia.com,0,11/22/1991,0,False,10/13/2022
103,Elijah Willis,"Chancellor  Avenue, 6148",8-053-264-5024,9p0Z37dJaQ,Elijah_Willis3242@corti.com,0,10/9/1980,2,False,7/23/2022
104,Manuel Bullock,"Balfe   Pass, 7081",4-750-665-0862,fpDWpgeNTW,Manuel_Bullock9433@qater.org,1,10/28/2017,0,False,10/13/2022
105,Russel Weldon,"Boadicea   Route, 5226",3-250-578-1882,tCaVk7aJ14,Russel_Weldon2367@bulaffy.com,2,6/28/1971,0,False,12/23/2022
106,Carl Quinn,"Black Swan  Way, 889",8-532-285-2024,RQhlGUQABC,Carl_Quinn7074@yahoo.com,0,4/18/1970,1,False,7/4/2022
107,Nicholas Wilcox,"Chesterfield  Vale, 791",7-407-367-5077,DwlDPjVNAU,Nicholas_Wilcox2998@hourpy.biz,6,4/17/1973,1,False,7/8/2022
108,Bob Varley,"Clavell   Way, 3157",3-025-313-1056,ddGukpNuGM,Bob_Varley6282@bungar.biz,5,1/3/2000,1,False,10/6/2022
109,John Utterson,"Meadow Avenue, 8474",8-218-471-0157,XchHvHeCPT,John_Utterson5342@brety.org,3,4/7/2022,1,False,9/14/2022
110,Cedrick Hogg,"Empress  Tunnel, 7735",0-757-528-1771,gKOgYjq9JC,Cedrick_Hogg5982@gompie.com,4,5/3/1970,1,False,7/19/2022
111,Nick Ulyatt,"Woodland Crossroad, 7374",4-575-202-4362,u7FtZR72Pm,Nick_Ulyatt3474@typill.biz,4,12/30/1997,2,False,9/8/2022
112,Russel Mitchell,"Blackpool  Route, 9738",1-115-851-1471,47lHIwMFUu,Russel_Mitchell3680@womeona.net,2,12/8/1981,1,False,9/20/2022
113,Claire Varndell,"Biggerstaff   Rue, 9613",7-131-856-2146,l1DNvl2XSp,Claire_Varndell4783@brety.org,1,6/2/1983,1,False,12/24/2022
114,Vivian Saunders,"Camdenhurst   Grove, 6005",7-558-584-4637,SxXSTXI2DS,Vivian_Saunders7218@bauros.biz,3,9/14/1998,1,False,11/5/2022
115,Julia Sheldon,"Chart   Rue, 2848",3-731-667-1712,1eWSG4GVe2,Julia_Sheldon7309@fuliss.net,0,8/22/2000,2,False,8/14/2022
116,Rufus Thornton,"Durham Pass, 8751",2-882-286-0430,weKYnwQhGz,Rufus_Thornton7574@liret.org,3,4/2/2011,2,False,10/28/2022
117,Nicole Allwood,"Cliffords  Walk, 6688",8-644-150-2106,GFmCirXfmg,Nicole_Allwood8211@joiniaa.com,4,6/22/2003,2,False,11/16/2022
118,Alba Ventura,"Buttonwood Boulevard, 1366",5-065-051-6352,bMJIHWz2XP,Alba_Ventura526@bretoux.com,5,10/8/1981,1,False,7/22/2022
119,Chad Rodwell,"Balfour    Way, 9991",5-553-237-2606,Yz72lw7ZZB,Chad_Rodwell9617@bretoux.com,3,4/14/1984,0,False,12/28/2022
120,Benjamin Connell,"Cingworth  Avenue, 8483",7-243-281-0436,KVN8pTHG98,Benjamin_Connell216@twace.org,0,5/8/1973,0,False,5/31/2022
121,Madison Ripley,"Cable    Street, 3229",0-237-072-8802,Wyh2vJcUIv,Madison_Ripley2231@zorer.org,1,8/12/1982,1,False,6/18/2022
122,Martin Trent,"Blackwall  Road, 2409",7-101-860-8675,AkDi0cHkMF,Martin_Trent4813@supunk.biz,4,1/10/2016,1,False,5/25/2022
123,Madelyn Larsen,"Arline    Tunnel, 4772",7-706-517-7201,isxJXxUPCU,Madelyn_Larsen9857@twipet.com,3,1/26/2009,2,False,10/8/2022
124,Brad Gibson,"Chatfield  Alley, 6945",1-575-041-5887,1ePJyhnA1m,Brad_Gibson2911@dionrab.com,1,1/15/1991,1,False,12/27/2022
125,Boris Lowe,"Kilner   Route, 2056",5-857-172-5856,vnMEzfiKmy,Boris_Lowe5034@eirey.tech,0,8/13/2017,0,False,10/2/2022
126,Chanelle Maxwell,"Dunstable   Alley, 6053",1-157-124-0402,mivYIpf8iM,Chanelle_Maxwell2977@jiman.org,3,5/24/2020,2,False,5/25/2022
127,Georgia Broomfield,"Angela   Lane, 6881",1-441-102-4300,NNeY41HzQs,Georgia_Broomfield6600@dionrab.com,0,2/3/1970,1,False,7/12/2022
128,Julius Thomson,"Blore  Route, 9542",5-038-370-8147,tmn8ccWNR2,Julius_Thomson2765@sveldo.biz,4,6/11/2010,0,False,5/20/2022
129,Ron Boden,"Camley   Pass, 1142",7-178-755-8282,ezFEV5tJhR,Ron_Boden1888@ovock.tech,3,12/16/1990,2,False,6/29/2022
130,Angelina Murphy,"Clavell   Walk, 2071",1-550-458-6726,eANzlLYe2k,Angelina_Murphy8463@extex.org,0,5/25/2008,1,False,12/7/2022
131,Carmella Norton,"Tisbury  Drive, 8075",0-286-462-3274,Cs6lXmkVjr,Carmella_Norton2384@dionrab.com,3,10/17/1990,2,False,5/8/2022
132,Daron Umney,"Blackwall  Avenue, 9775",5-446-678-8280,8fXGxNcRfL,Daron_Umney2388@irrepsy.com,0,9/5/2013,0,False,8/24/2022
133,Maxwell Evans,"Buttonwood Rue, 5345",0-568-107-0500,bB8wXCV3iQ,Maxwell_Evans9570@zorer.org,0,4/4/1994,1,False,5/5/2022
134,Willow Mccormick,"Bayberry Drive, 7865",3-440-202-1551,aaJQFssfYL,Willow_Mccormick6699@iatim.tech,4,7/1/1971,1,False,11/30/2022
135,Julian Payne,"Bacton   Walk, 4300",3-657-654-5437,x8kkt4vBCW,Julian_Payne210@iatim.tech,2,2/8/2006,0,False,9/20/2022
136,Jamie Campbell,"Commercial  Lane, 4410",6-071-205-6437,txvEZELLJf,Jamie_Campbell1450@vetan.org,6,6/12/2010,1,False,10/2/2022
137,Adalind Snow,"St. Pauls  Alley, 6078",0-275-670-1053,4jw5kb0XUM,Adalind_Snow6821@atink.com,2,10/11/2010,1,False,6/12/2022
138,Rihanna Stewart,"Jackson Street, 9269",8-670-665-0567,XFuYUJXyE6,Rihanna_Stewart8715@nimogy.biz,1,9/18/1990,1,False,6/27/2022
139,Chris Clark,"Angel  Pass, 642",0-756-874-3170,8MI8BBnn24,Chris_Clark5693@joiniaa.com,6,8/14/1994,0,False,9/9/2022
140,Barney Holt,"Caxton  Boulevard, 5987",2-377-622-4434,Jd0JfbnRfD,Barney_Holt8788@famism.biz,1,7/1/1983,0,False,10/23/2022
141,Audrey Reese,"Comet House  Tunnel, 2070",1-218-435-7545,poyhaXkkp6,Audrey_Reese7594@ubusive.com,4,10/24/2005,0,False,11/7/2022
142,Harvey Thompson,"Black Friars   Walk, 8780",3-476-203-4410,I8kPa4iNFh,Harvey_Thompson1464@womeona.net,6,6/2/2006,1,False,10/20/2022
143,Hope Mould,"Cardinal Route, 6356",8-381-558-7778,K4rVS878bv,Hope_Mould8706@extex.org,5,11/10/1991,1,False,9/11/2022
144,Hadley Brooks,"Bury  Boulevard, 605",7-465-742-0384,6q41CWIutR,Hadley_Brooks6549@kideod.biz,0,2/8/1987,1,False,5/16/2022
145,Parker Carter,"Virgil   Drive, 8718",4-273-355-2617,FmlwNCtTKk,Parker_Carter9946@gompie.com,1,9/30/2015,1,False,12/13/2022
146,Janelle Stone,"Cedarne  Rue, 7200",0-653-280-0132,XBwRhsoheR,Janelle_Stone8104@ovock.tech,0,5/15/1980,1,False,8/16/2022
147,Bethany Brown,"Wakley   Lane, 8930",7-258-348-3552,HeKaRtdMeF,Bethany_Brown2643@mafthy.com,2,10/30/2017,2,False,6/6/2022
148,Eileen Harrison,"Timber   Walk, 6489",7-416-424-8171,47bxjsPEFO,Eileen_Harrison5467@deavo.com,1,5/14/1996,1,False,5/21/2022
149,Teagan Huggins,"Edwin   Lane, 5997",6-328-125-2702,63qZRw6Ps4,Teagan_Huggins6523@gmail.com,4,5/19/2007,2,False,8/22/2022
150,Alex Pope,"Apollo  Road, 2631",1-103-117-8137,KjKqFCkLwB,Alex_Pope1736@cispeto.com,4,3/15/2002,1,False,5/6/2022
151,Morgan Wright,"Lincoln Avenue, 5715",4-223-322-1727,qlPP9lWy1i,Morgan_Wright4662@nickia.com,3,11/30/1987,1,False,8/17/2022
152,Drew Umney,"Battersea   Tunnel, 3214",0-350-733-5651,RHlADisEgC,Drew_Umney7299@grannar.com,6,11/28/2012,2,False,5/23/2022
153,Marvin Wilcox,"Bekesbourne   Pass, 9993",4-570-618-4512,LAuRT1tPGw,Marvin_Wilcox3943@nickia.com,2,7/18/1994,2,False,6/25/2022
154,Chad Clayton,"Bolton  Street, 6629",6-037-184-2142,GVoND5hkB6,Chad_Clayton3490@brety.org,5,4/12/2020,2,False,8/10/2022
155,Julian Benson,"Tisbury  Alley, 5660",1-832-515-2704,W3KsWUo07q,Julian_Benson5798@iatim.tech,2,4/29/1975,0,False,5/14/2022
156,Bart Sawyer,"Thurloe   Vale, 8311",5-806-204-3703,WAI3jRCKoj,Bart_Sawyer8803@famism.biz,2,8/26/2019,0,False,8/14/2022
157,Emerald Flanders,"Aberavon  Road, 479",4-172-060-2126,3SeQu1st1I,Emerald_Flanders5925@famism.biz,1,10/13/2000,2,False,5/18/2022
158,Freya Roberts,"Bush  Tunnel, 2528",3-560-845-0658,wML41Jrok0,Freya_Roberts488@cispeto.com,0,7/17/1981,0,False,10/30/2022
159,Bob Norris,"Cedarne  Tunnel, 596",8-721-121-7121,SKpZVFsxdm,Bob_Norris3925@deavo.com,5,9/25/2013,2,False,5/3/2022
160,Kieth Wise,"Zealand Walk, 9338",2-088-647-7013,IOybiIZXV7,Kieth_Wise4098@deons.tech,5,6/9/1986,0,False,9/14/2022
161,Rufus Gordon,"Collent   Vale, 3874",8-455-877-5107,X4b73AJpni,Rufus_Gordon2935@naiker.biz,4,1/4/1999,1,False,6/3/2022
162,Alessia Gunn,"Victoria Rise Lane, 4452",1-238-417-4824,QEezrt9CSo,Alessia_Gunn5012@bungar.biz,1,1/4/2020,0,False,6/2/2022
163,Mackenzie Carson,"Tisbury  Alley, 3808",6-643-373-7156,wbkxqWN8GE,Mackenzie_Carson9565@supunk.biz,2,3/25/1977,0,False,11/22/2022
164,Karen Benson,"Collingwood  Walk, 875",1-263-730-5367,n3ASxWHPc1,Karen_Benson4855@sheye.org,4,6/17/2012,0,False,10/12/2022
165,Enoch Cunningham,"Aberavon  Hill, 7816",8-332-618-7364,3TSOngLm6c,Enoch_Cunningham2879@vetan.org,3,3/2/1975,0,False,9/27/2022
166,Clint Mccall,"Bagford   Crossroad, 6077",7-032-364-1532,9TnUmt3JnB,Clint_Mccall9672@hourpy.biz,5,7/1/1976,2,False,9/18/2022
167,Chelsea Wild,"Babmaes    Vale, 3218",5-036-251-8186,JWPk4MlMPZ,Chelsea_Wild6476@joiniaa.com,6,6/27/2010,1,False,10/31/2022
168,Kieth Cowan,"Chamberlain  Hill, 5114",8-467-835-0311,QF545lZ4D5,Kieth_Cowan8185@ubusive.com,1,4/19/1980,0,False,7/11/2022
169,Eduardo Morris,"Durham Drive, 3507",5-573-643-7813,LPdkLJekmA,Eduardo_Morris1336@guentu.biz,5,8/3/2015,2,False,12/28/2022
170,Nicholas Adams,"Cingworth  Hill, 7078",8-550-107-5007,bCXVbtAggR,Nicholas_Adams9624@twace.org,6,9/18/1977,0,False,6/23/2022
171,Nina Butler,"Howard Rue, 7693",3-525-148-0105,7YAa9en3vU,Nina_Butler1160@gompie.com,5,6/9/2014,2,False,12/7/2022
172,Esmeralda Adler,"Bagford   Walk, 6038",4-648-627-8468,363bODdvlC,Esmeralda_Adler7701@acrit.org,1,3/17/1977,2,False,7/19/2022
173,Cameron Sherry,"Collins  Vale, 5862",6-560-008-4285,LuKisXOy9o,Cameron_Sherry1752@deons.tech,4,11/1/1988,1,False,9/26/2022
174,Nick Latham,"Camdale  Vale, 1237",6-128-111-6652,YxJ5keAoJ9,Nick_Latham3021@hourpy.biz,3,10/13/1986,0,False,10/6/2022
175,Chris Hobson,"Byland  Hill, 2239",6-280-515-1228,DqAIbU0k9Q,Chris_Hobson6337@gmail.com,4,5/30/2017,2,False,10/26/2022
176,Carol Brown,"West Crossroad, 1024",4-630-153-0571,Ajh7E6RJa3,Carol_Brown5340@eirey.tech,5,2/2/1998,1,False,5/15/2022
177,Diane Stevenson,"Cato   Avenue, 3157",7-241-266-8436,GmbM9difcA,Diane_Stevenson989@corti.com,0,8/10/2008,0,False,11/6/2022
178,Martin Noach,"Chestnut  Avenue, 8151",8-571-688-4240,tyDTsvaXpq,Martin_Noach6576@qater.org,0,2/1/2002,2,False,5/1/2022
179,Chadwick Ellis,"Cato   Route, 7863",6-475-207-6477,jtzIPwsilm,Chadwick_Ellis1358@deavo.com,5,11/10/1993,1,False,8/10/2022
180,Macy Gibbons,"Baylis  Pass, 5749",2-528-635-1525,kvwKhxEKkV,Macy_Gibbons6961@gembat.biz,4,7/4/1994,2,False,8/5/2022
181,Ramon Jones,"Commercial  Road, 296",1-441-376-2343,wDKOmZqdQ2,Ramon_Jones4823@acrit.org,4,10/9/2016,1,False,10/12/2022
182,Felicity Redwood,"Calvin   Street, 6392",6-263-554-7665,LRuInI4TVN,Felicity_Redwood8810@bauros.biz,1,8/1/2010,2,False,8/20/2022
183,Naomi Potter,"Bliss  Alley, 2879",4-707-546-2876,Pp1a2idmO1,Naomi_Potter5689@twace.org,2,1/14/1981,0,False,11/26/2022
184,Faith Booth,"Ellerman   Way, 2955",5-487-616-5350,SVza7pqmcu,Faith_Booth3288@famism.biz,3,5/19/2021,0,False,5/10/2022
185,Francesca Lee,"Cleaver Rue, 9998",3-105-457-0576,ISKhOZe1Jy,Francesca_Lee980@gompie.com,2,5/25/2001,0,False,7/16/2022
186,Martin Thorpe,"Thorndike   Lane, 4202",6-301-283-6738,JagLThlAGG,Martin_Thorpe7892@hourpy.biz,4,8/15/1999,0,False,12/14/2022
187,Mona Russell,"Camelot   Street, 7074",0-726-018-4360,sbzT5hbk2v,Mona_Russell6651@womeona.net,6,5/20/1995,0,False,7/1/2022
188,Johnny Oswald,"Carltoun   Hill, 4032",3-523-714-6147,m0S5YPXQ9j,Johnny_Oswald9875@elnee.tech,4,11/4/1994,2,False,8/3/2022
189,Chester Woods,"Queensberry  Road, 2644",4-775-752-1350,JxkzZLj505,Chester_Woods3952@ovock.tech,0,3/25/1976,2,False,12/25/2022
190,Danny Seymour,"College  Walk, 8384",6-171-825-2308,1MMUG4scb2,Danny_Seymour5986@twipet.com,4,10/27/2004,0,False,7/6/2022
191,Beatrice Uttridge,"Bendmore  Street, 8901",6-426-718-1637,aYW7G2Ld6Y,Beatrice_Uttridge8668@nanoff.biz,1,9/8/2011,0,False,8/26/2022
192,Taylor Adams,"Bellenden  Walk, 5458",0-616-378-3107,aURe3TG6KB,Taylor_Adams7832@deons.tech,0,6/10/2017,1,False,11/19/2022
193,Olivia Davies,"Chester  Lane, 9511",6-688-606-1070,KlmgRkBxo4,Olivia_Davies1106@brety.org,4,7/4/1981,1,False,6/5/2022
194,Aisha Clark,"Railroad Route, 8507",8-667-456-7351,toOCk7YvHC,Aisha_Clark3662@hourpy.biz,2,4/28/2004,0,False,8/25/2022
195,Doris Thornton,"Bennett  Vale, 5536",7-206-531-8873,YURyh4cMOt,Doris_Thornton1210@muall.tech,1,3/4/1977,1,False,6/25/2022
196,Logan Becker,"Coborn  Way, 2407",0-852-701-2112,4p3zsjxnCS,Logan_Becker5209@corti.com,0,4/26/2004,0,False,6/14/2022
197,Mike John,"Anns  Route, 578",4-742-523-3342,jal6ecjli7,Mike_John587@bretoux.com,1,4/6/1970,2,False,7/1/2022
198,Aiden Asher,"Waite  Grove, 3347",7-664-653-1062,3wzGYeYTMO,Aiden_Asher7309@nickia.com,2,9/4/1985,0,False,9/5/2022
199,Maxwell Isaac,"Woodland Route, 3950",8-768-633-5410,j2PGHFWKsb,Maxwell_Isaac5794@tonsy.org,4,9/27/1979,0,False,5/13/2022
200,Callie Power,"Sundown Rue, 9518",5-537-483-7151,9qp6YqFxoi,Callie_Power9153@irrepsy.com,3,6/25/1977,0,False,5/15/2022

