ID,Name,Address,Phone,WeChat,Email,Profession,Birth,Risk,hasDDL,Deadline
1,Sofie Yang,"Cheney  Way, 2268",4-703-165-8030,M4FfFidT3L,Sofie_Yang8655@nickia.com,0,8/31/2005,1,False,8/14/2022
2,Barney Moss,"Ampton  Street, 7078",1-353-601-1715,8ctCpM3pxg,Barney_Moss7300@elnee.tech,4,6/13/2021,2,False,12/2/2022
3,Erick Newton,"Zealand Grove, 6133",1-002-743-8668,T5YLZ64Xck,Erick_Newton9283@supunk.biz,3,10/2/1985,2,True,8/9/2022
4,Russel Groves,"Angel  Lane, 5270",7-440-450-8327,W4ABQpjBLv,Russel_Groves4990@extex.org,3,7/30/1983,2,False,10/27/2022
5,Henry Woodley,"Sundown Drive, 7373",5-736-300-3037,GFrvWgEygp,Henry_Woodley1713@deons.tech,4,11/15/2000,1,True,11/26/2022
6,Chuck Glass,"Lincoln Alley, 2057",8-474-856-2025,UebEZrtETs,Chuck_Glass9443@extex.org,0,11/8/1994,0,False,7/11/2022
7,Ethan Curtis,"Cobden  Pass, 9651",2-081-347-1112,VOveCfw8gG,Ethan_Curtis9373@liret.org,2,8/27/2018,2,False,5/22/2022
8,Danny Saunders,"Cheney  Rue, 9422",4-358-488-2146,hoO0XwoQCM,Danny_Saunders9845@eirey.tech,2,5/28/1975,2,False,5/13/2022
9,Angelina Murray,"Camdale  Walk, 9811",3-063-143-6258,UfntiGPxSj,Angelina_Murray8361@irrepsy.com,2,5/9/1994,0,False,5/4/2022
10,Percy Everett,"Durweston   Alley, 5612",7-571-761-4235,GheZila4QG,Percy_Everett7750@corti.com,1,4/30/2002,2,True,7/23/2022
11,Eduardo Beal,"Belgrave  Grove, 7521",6-827-488-3704,x70cCJsfYO,Eduardo_Beal9948@corti.com,4,12/18/1973,0,True,9/21/2022
12,Marvin Dillon,"Blendon    Rue, 7062",5-138-042-2646,P0EgtcnvC6,Marvin_Dillon5903@gmail.com,2,1/8/1996,0,False,9/20/2022
13,Percy Funnell,"Elba  Hill, 5275",1-545-633-8576,z3nu9u6Y0s,Percy_Funnell4597@extex.org,3,1/10/2015,0,True,5/20/2022
14,Parker Cox,"Fairbairn  Rue, 1632",7-814-565-3073,sMtxqpEraG,Parker_Cox3471@muall.tech,1,11/7/2007,2,True,12/13/2022
15,Harriet Rothwell,"Blake  Crossroad, 1031",5-703-035-2315,9GQDfQ4vx8,Harriet_Rothwell9585@iatim.tech,3,6/17/2017,2,True,8/4/2022
16,Zara Denton,"Thomas More   Street, 3593",1-424-787-8144,XtCHrNbfm2,Zara_Denton6981@gompie.com,3,3/31/2012,1,False,6/12/2022
17,Caleb Reese,"Battersea   Pass, 9683",5-472-403-1400,3uldc2xtZK,Caleb_Reese3321@irrepsy.com,2,1/23/1986,1,True,12/22/2022
18,Chadwick Waterson,"Bletchley   Drive, 7994",0-503-622-0815,5VSxOCZ65U,Chadwick_Waterson1254@naiker.biz,6,5/18/1976,1,True,9/12/2022
19,Oliver Clarke,"Cavell   Way, 204",2-531-807-4672,eXDd2wJR0I,Oliver_Clarke524@grannar.com,5,3/4/2003,2,False,12/17/2022
20,Matthew Davies,"Carlton  Lane, 923",1-646-701-6447,Iwv2NBij14,Matthew_Davies3709@gompie.com,3,10/16/2014,1,False,6/2/2022
21,Marissa Morgan,"Camera  Road, 5800",8-383-371-0046,MAELvI53bW,Marissa_Morgan7424@gmail.com,5,9/25/1990,0,False,10/2/2022
22,Renee Shields,"Westcott  Street, 430",1-538-081-1082,o4kNK8M7t4,Renee_Shields6035@fuliss.net,4,11/8/2012,0,True,7/21/2022
23,Fred Watt,"Camelot   Pass, 4578",4-650-182-8675,OPbIhnxHfQ,Fred_Watt1605@famism.biz,2,9/5/2002,0,False,11/15/2022
24,Ethan Stevens,"Cable    Grove, 8473",1-622-006-2660,iTOMRqLcvD,Ethan_Stevens2637@muall.tech,1,3/9/2021,0,True,9/4/2022
25,Clint Dallas,"Aspen Boulevard, 5182",6-534-322-2284,zcqx4G7VBV,Clint_Dallas9158@twace.org,5,7/1/1982,2,False,7/30/2022
26,Lucas Brooks,"Angel  Crossroad, 7183",7-441-462-5433,6YUKwgjREC,Lucas_Brooks2117@bretoux.com,4,9/6/2002,1,False,12/27/2022
27,Morgan Partridge,"Canal  Tunnel, 5583",0-554-235-4628,WzwpjNzh6p,Morgan_Partridge7244@yahoo.com,0,8/23/1992,0,True,7/19/2022
28,Peter Funnell,"Edwin   Boulevard, 2051",8-463-451-3865,mZV2XhdD1k,Peter_Funnell8065@joiniaa.com,2,1/21/2020,2,True,12/10/2022
29,Doris Wilkinson,"Longman   Hill, 8067",2-473-761-8758,LwdmIGXXKh,Doris_Wilkinson743@womeona.net,5,7/30/2009,1,False,8/11/2022
30,Aurelia Powell,"York Way, 2612",1-121-265-0670,jTZQK8Epli,Aurelia_Powell726@mafthy.com,0,11/8/1978,2,True,6/7/2022
31,Alma Ingram,"East Avenue, 230",5-134-574-4840,4T9rGiGDJb,Alma_Ingram839@atink.com,1,8/16/2006,1,False,7/23/2022
32,Chad Hunter,"Railroad Avenue, 3240",5-743-327-7377,tPVke7LwqD,Chad_Hunter3190@famism.biz,0,6/23/1975,2,True,8/5/2022
33,Benjamin Ryan,"Fawn Pass, 4624",1-874-053-2044,gTyQQvZTA3,Benjamin_Ryan1450@qater.org,1,10/6/1995,2,False,12/19/2022
34,Barney Randall,"Bagford   Alley, 4902",0-053-671-7427,Hbui9HlCne,Barney_Randall9089@irrepsy.com,0,4/1/2000,0,False,10/25/2022
35,Kurt Khan,"Blackheath   Route, 6240",2-304-176-6648,5dcAFnf0dw,Kurt_Khan1591@cispeto.com,2,2/24/2000,2,False,8/19/2022
36,Marvin Rowe,"Kinglake  Drive, 7553",4-326-177-7781,Cj50Ezu3gA,Marvin_Rowe1534@ovock.tech,6,5/1/1975,0,False,6/27/2022
37,Lara Archer,"Black Swan  Alley, 7743",7-877-531-2522,GGduVbOm5E,Lara_Archer7270@sheye.org,6,3/25/2005,2,True,6/5/2022
38,Ember Watt,"Angel  Route, 6915",1-446-414-0358,rLKrFM0KF2,Ember_Watt6446@bretoux.com,0,7/17/1979,2,False,5/2/2022
39,Martin Collis,"Howard Route, 5451",8-413-437-4357,e6SyeIWiRq,Martin_Collis5366@twipet.com,4,3/21/2002,1,False,11/21/2022
40,Molly Payne,"Gavel   Way, 7384",3-851-843-5124,2eH1cMgs4k,Molly_Payne5941@sveldo.biz,2,8/5/2011,0,True,12/29/2022
41,Julian Morrison,"Linden Pass, 1051",2-210-586-3651,9QqIy0NUOd,Julian_Morrison458@acrit.org,4,7/7/1985,0,False,8/28/2022
42,Daron Parsons,"Adams  Walk, 8393",8-654-107-0607,u0enL5cwN0,Daron_Parsons47@deons.tech,4,12/29/1977,0,False,7/31/2022
43,Remy Farrell,"Chandos  Avenue, 2886",4-081-261-2843,9Pk99k8YDz,Remy_Farrell2291@dionrab.com,5,12/28/2004,0,False,10/23/2022
44,Erick Benson,"Kimberley  Boulevard, 4182",8-764-435-7421,eYacO8KgLY,Erick_Benson8407@famism.biz,0,9/24/2010,2,True,12/26/2022
45,Carolyn Radley,"Bellenden  Route, 2852",4-470-526-4047,0WJBIyhtOW,Carolyn_Radley8234@extex.org,2,7/27/1983,1,False,10/14/2022
46,Josh Jobson,"Cedarne  Avenue, 5451",4-463-312-4881,ByH4qgjuKX,Josh_Jobson3103@tonsy.org,3,9/6/2012,1,False,6/7/2022
47,Noah Harrington,"Earl Rise Lane, 1237",1-343-355-6203,ZRSKMQKg7F,Noah_Harrington1982@fuliss.net,5,3/12/2011,1,True,9/15/2022
48,Kieth Egerton,"Angrave    Vale, 1542",7-374-764-6045,6G7B8XnmBr,Kieth_Egerton9681@jiman.org,2,10/27/1992,0,False,7/24/2022
49,Julian Antcliff,"Enford   Road, 479",7-157-357-6505,NKIbzFeCU7,Julian_Antcliff8567@irrepsy.com,5,1/2/1979,2,False,9/17/2022
50,Clint Gilmore,"Camdenhurst   Lane, 8124",5-002-412-7835,4erE9tvsNr,Clint_Gilmore640@guentu.biz,2,12/17/1993,2,False,8/25/2022
51,Liam Tyler,"Biggerstaff   Boulevard, 416",7-074-653-8417,kprGlMuyvg,Liam_Tyler7034@bulaffy.com,0,11/17/2014,0,False,6/14/2022
52,Caydence Ainsworth,"Monroe Way, 7977",3-607-170-7106,EXhgJHxkuT,Caydence_Ainsworth720@zorer.org,2,11/7/2021,0,True,7/21/2022
53,Erick Shaw,"Chicksand  Crossroad, 9750",7-418-401-8114,d02eV0yx2u,Erick_Shaw406@womeona.net,4,1/27/2008,0,False,9/13/2022
54,Elly Waterson,"Gatonby   Walk, 8812",0-170-878-2488,vT9O07ePlJ,Elly_Waterson7998@brety.org,2,10/4/2004,2,False,8/17/2022
55,Amelia Nicholls,"Fieldstone Walk, 8708",0-671-676-8307,anKsSeabWS,Amelia_Nicholls6922@eirey.tech,6,6/30/1998,0,False,10/6/2022
56,Russel Beal,"Enford   Rue, 8828",7-578-702-7140,v8ajTc8owD,Russel_Beal3132@nimogy.biz,4,2/22/1990,1,False,7/20/2022
57,Esmeralda Carson,"Arthur  Road, 5216",5-716-575-2728,A21yg6JjeT,Esmeralda_Carson690@bretoux.com,6,12/28/1977,2,True,8/20/2022
58,Analise Lyon,"Timber   Road, 4976",6-342-220-8686,ssiNkhPkj3,Analise_Lyon1555@gmail.com,6,8/5/2012,2,True,8/5/2022
59,Liam Hunter,"Chambers  Rue, 8252",0-068-164-3846,2WblkEjebO,Liam_Hunter3252@nanoff.biz,1,12/23/2000,2,True,12/24/2022
60,Erick Ogilvy,"Queen Caroline   Rue, 701",3-671-845-6417,CeNkq5gUeJ,Erick_Ogilvy8249@womeona.net,4,1/5/2000,2,True,5/27/2022
61,Rufus Giles,"Thomas  Tunnel, 787",0-815-480-3177,7HL4hMPmuN,Rufus_Giles119@typill.biz,4,6/15/1972,0,True,6/16/2022
62,Brad Jackson,"Durweston   Road, 6389",0-838-814-6442,PWd1FEdlVx,Brad_Jackson9664@gembat.biz,0,1/17/2006,2,False,12/1/2022
63,Katelyn Cooper,"Waldram Park  Pass, 8916",6-355-685-7321,LQr0ItUS9e,Katelyn_Cooper6298@bulaffy.com,6,9/5/2003,2,False,9/1/2022
64,Chadwick Woodley,"Castle Boulevard, 7414",3-744-460-4144,PgwYDfq9w4,Chadwick_Woodley1952@extex.org,5,6/20/2011,0,True,10/27/2022
65,Ilona Burge,"Fieldstone Grove, 9576",8-422-026-8257,skizJ1prfN,Ilona_Burge5085@elnee.tech,4,7/13/2010,0,False,12/9/2022
66,Melody Wilson,"Beatty  Walk, 5369",1-414-505-3647,ds4uaGlhoA,Melody_Wilson7523@typill.biz,4,1/26/2005,2,False,6/22/2022
67,Angel Stevenson,"Becher  Road, 7591",7-725-833-3232,UHHgctnx2j,Angel_Stevenson168@brety.org,1,1/19/1984,1,False,6/4/2022
68,Valerie Allen,"Chamberlain  Way, 2294",3-022-170-7578,oKJLxE8XW2,Valerie_Allen8308@bauros.biz,1,12/27/1983,0,True,12/20/2022
69,Jamie Dixon,"Ayres   Alley, 3820",4-687-148-3501,gvQVhUDCDI,Jamie_Dixon7232@cispeto.com,2,8/27/2015,1,False,5/14/2022
70,Percy Camden,"Thomas  Alley, 7716",1-262-137-6281,qXAOyPm4u2,Percy_Camden3843@sheye.org,6,3/14/2021,1,True,10/1/2022
71,Alexander Asher,"Belmore  Alley, 4491",4-736-432-8607,SEU3wg1Qux,Alexander_Asher466@ubusive.com,6,12/16/1986,0,True,11/21/2022
72,Janelle Utterson,"Carltoun   Boulevard, 6131",1-603-322-5312,G9UofhXXtn,Janelle_Utterson1674@naiker.biz,2,3/8/1979,0,False,11/1/2022
73,Bernadette Vaughn,"Gathorne   Way, 9980",4-068-168-1764,orl8A5oPfi,Bernadette_Vaughn6634@corti.com,3,6/15/1989,2,False,8/22/2022
74,Michael Hammond,"Chancellor  Tunnel, 4475",7-574-306-8651,YnHb1lQlQI,Michael_Hammond6631@elnee.tech,1,9/10/1981,1,False,9/21/2022
75,Grace Carson,"Oxford Road, 2665",0-551-300-5838,KN8SMIiNlM,Grace_Carson4255@womeona.net,1,10/20/2020,1,True,5/3/2022
76,Chris Raven,"Chartham  Crossroad, 1473",7-230-437-3437,SybDpIYNUG,Chris_Raven1674@atink.com,3,1/11/1987,2,True,6/17/2022
77,Greta Pickard,"Abbotswell  Pass, 5474",1-430-566-6243,mAgCnG5tIc,Greta_Pickard34@iatim.tech,4,3/20/1982,1,False,10/3/2022
78,Benny Sloan,"Railroad Walk, 6201",5-152-457-1017,GtmFL4oyrG,Benny_Sloan327@sveldo.biz,1,1/18/2015,1,False,11/15/2022
79,Leroy Woodley,"Cato   Street, 6614",0-364-248-0585,KRHfiGabwj,Leroy_Woodley5489@typill.biz,3,11/10/1987,0,False,11/6/2022
80,Chanelle Turner,"Victorian  Lane, 3260",6-863-756-8581,82aFelJJah,Chanelle_Turner3319@bungar.biz,5,11/8/1979,1,True,6/25/2022
81,Naomi Potts,"Andrews  Pass, 6978",1-800-676-0010,KbewZD8Nu4,Naomi_Potts6036@womeona.net,5,12/28/2009,1,True,10/16/2022
82,Michael Curtis,"College  Alley, 3966",3-602-600-0354,0L6wfcNTBT,Michael_Curtis9296@muall.tech,4,4/15/1994,0,True,5/20/2022
83,Dorothy Robinson,"Epworth  Alley, 7087",5-436-870-4670,GhFEbDc0yU,Dorothy_Robinson665@qater.org,0,6/26/1999,1,False,12/19/2022
84,Liam Young,"Ellerman   Way, 6136",8-123-186-7681,GXQXglUKm2,Liam_Young6478@bungar.biz,0,11/21/2013,1,False,12/18/2022
85,Livia Stone,"Chester  Drive, 5887",5-155-377-7282,LuAtPSMiSB,Livia_Stone7433@sveldo.biz,3,12/30/2020,1,True,11/5/2022
86,Cynthia Murray,"Ashley Rue, 9884",8-066-863-7457,i3oj4EDpaj,Cynthia_Murray6920@womeona.net,6,4/7/1976,0,True,6/22/2022
87,Adalie Hamilton,"Bel   Way, 2042",5-366-312-6005,8lQZShsoy7,Adalie_Hamilton2323@naiker.biz,3,3/14/1993,1,False,11/27/2022
88,Tony Chadwick,"Woodland Hill, 9018",7-018-423-2103,UrxOWnOPnK,Tony_Chadwick9128@gmail.com,2,1/20/1980,1,True,7/8/2022
89,Liam Latham,"Caslon   Drive, 2017",3-712-140-5244,wk4t7swwjs,Liam_Latham2858@naiker.biz,6,2/21/2008,2,False,7/12/2022
90,Chadwick Thompson,"Catherine  Vale, 6668",7-788-740-2081,RCZeGATlfV,Chadwick_Thompson701@naiker.biz,6,7/5/1978,1,False,6/25/2022
91,Clarissa Richards,"Chandos  Alley, 2340",5-887-106-7513,ZbpTwGCzG8,Clarissa_Richards5611@mafthy.com,4,4/14/2010,2,True,10/22/2022
92,Marissa Ross,"Beaconsfield  Rue, 1541",8-684-071-8786,U89QCURFsU,Marissa_Ross8456@atink.com,6,8/22/1992,2,True,10/7/2022
93,Jayden Morgan,"Clarges   Way, 9639",2-616-832-1070,0z6yDgEF1k,Jayden_Morgan1317@tonsy.org,6,9/18/1984,2,True,8/23/2022
94,Benjamin Clifton,"Argyle  Drive, 519",8-088-673-4716,e9vWJgMdXb,Benjamin_Clifton9237@joiniaa.com,0,2/11/1990,1,False,7/22/2022
95,Naomi Murphy,"Burton  Vale, 4782",1-445-182-7620,g5ll9k1g5l,Naomi_Murphy6261@ovock.tech,4,5/1/2012,2,False,5/1/2022
96,Maggie Rixon,"Sheraton   Lane, 4169",5-382-071-4380,SuO2kgxzij,Maggie_Rixon3173@famism.biz,6,5/27/1984,1,False,9/3/2022
97,Sasha Lane,"Champion  Hill, 9922",4-847-664-7154,p5W0PR87QV,Sasha_Lane2692@famism.biz,5,10/26/1993,2,False,12/11/2022
98,Ron Fox,"Bede  Street, 5687",3-577-178-5208,qvSoL0uXkV,Ron_Fox8584@ovock.tech,3,11/8/2003,0,False,8/23/2022
99,Adelaide Zaoui,"Waite  Way, 6158",2-736-520-8187,CzlNerTOhZ,Adelaide_Zaoui8124@ubusive.com,0,3/26/2003,1,False,10/24/2022
100,Benny Ogilvy,"Dunstable   Crossroad, 4170",5-472-332-1138,J7DNdcRHrT,Benny_Ogilvy6418@gompie.com,1,7/1/1980,0,False,5/1/2022
101,Daniel Wooldridge,"Chambers  Pass, 2045",6-618-856-0570,MDKG95nHJh,Daniel_Wooldridge1638@qater.org,3,3/20/1992,0,False,9/11/2022
102,Benny Overson,"Geary   Tunnel, 6250",4-744-474-2688,S1loh3rgd2,Benny_Overson5677@ovock.tech,1,9/14/1984,0,False,9/14/2022
103,Cristal Atkinson,"Meadow Drive, 6237",0-332-225-8246,sFyu30PM3H,Cristal_Atkinson3161@sveldo.biz,1,12/2/1988,2,False,12/1/2022
104,Chad Tailor,"Kilner   Drive, 314",0-676-771-4678,ZKFfsTP1mS,Chad_Tailor2312@fuliss.net,2,7/28/2000,1,False,11/2/2022
105,Tara Todd,"Arbutus   Boulevard, 5224",4-351-843-5361,30UtyufHs0,Tara_Todd297@nanoff.biz,3,7/26/1971,0,False,7/5/2022
106,Hannah Myatt,"Gathorne   Route, 1193",7-375-172-8305,6SlpbPKFNV,Hannah_Myatt3518@joiniaa.com,1,12/15/1993,0,False,6/20/2022
107,Martha Crawley,"Birkenhead   Tunnel, 1570",4-152-425-2565,byJwb6gL64,Martha_Crawley7666@sheye.org,4,6/16/2012,2,False,6/17/2022
108,Gwen Neville,"Waite  Pass, 1290",5-574-160-8145,sUTOtY7Zvg,Gwen_Neville2874@iatim.tech,3,1/21/1997,1,False,10/7/2022
109,Stacy Santos,"Underwood  Route, 449",6-701-543-5687,zv8lW9W6TP,Stacy_Santos1682@grannar.com,4,9/15/2012,0,False,11/15/2022
110,Fred Martin,"Fieldstone Crossroad, 339",4-814-778-7482,iVExiQdYzj,Fred_Martin1200@gompie.com,5,12/13/1978,2,False,6/8/2022
111,Mara Willis,"Railroad Walk, 9891",7-070-526-4544,sACdXWbRIk,Mara_Willis5893@guentu.biz,3,1/22/2011,0,False,9/16/2022
112,Nick Smith,"Bayberry Alley, 9234",8-674-335-4438,hyoZNNQS5K,Nick_Smith2991@eirey.tech,0,2/2/2018,0,False,5/21/2022
113,Denis Yates,"Thorndike   Vale, 3525",1-587-403-0072,CMKuodugJY,Denis_Yates9543@elnee.tech,3,2/19/1988,1,False,8/21/2022
114,Angelica Ellis,"Blackheath   Hill, 8922",8-051-606-1543,9477NMhdbz,Angelica_Ellis8778@gompie.com,3,4/5/1988,1,False,7/23/2022
115,Tania Jarvis,"Fieldstone Rue, 2964",3-078-147-1843,v6GDEbI1QJ,Tania_Jarvis4247@sheye.org,2,2/15/1980,2,False,11/25/2022
116,Clarissa Utterson,"Cadogan  Tunnel, 8838",5-627-751-0518,NWbI9Pct2p,Clarissa_Utterson5731@joiniaa.com,2,8/15/2005,0,False,5/12/2022
117,Tyson Lynch,"Blackall   Hill, 6204",1-665-555-3005,i3XMDT0Mdn,Tyson_Lynch3539@fuliss.net,2,4/4/1975,2,False,11/19/2022
118,Priscilla Kerr,"Bendmore  Walk, 399",6-460-548-4651,SqF8zpVfdT,Priscilla_Kerr2124@gompie.com,2,4/5/1981,2,False,6/15/2022
119,Penelope Noon,"Gavel   Pass, 6189",2-752-545-7172,gSTtj7YyZy,Penelope_Noon1129@hourpy.biz,3,1/18/1990,1,False,6/19/2022
120,Aiden Walker,"King Edward  Pass, 6932",5-757-861-6311,OKSxI9F19R,Aiden_Walker1281@elnee.tech,1,12/24/2003,0,False,12/25/2022
121,Chuck Ellison,"Calvin   Way, 7128",3-402-684-3004,edtZbZXLSx,Chuck_Ellison7980@iatim.tech,1,9/2/1977,1,False,10/12/2022
122,Abdul Chadwick,"Wakley   Hill, 6839",0-420-641-8635,EyT5l14HNY,Abdul_Chadwick4901@zorer.org,1,6/27/1991,0,False,8/11/2022
123,Daria Emerson,"Clere  Grove, 6671",3-520-251-1288,GCTRlpClOb,Daria_Emerson8385@naiker.biz,0,5/6/2021,0,False,5/31/2022
124,Enoch Redwood,"Rail Road, 8186",2-801-621-4155,aBNNfzRE6W,Enoch_Redwood8533@famism.biz,3,11/20/2014,1,False,8/15/2022
125,Diane Alexander,"Earl Rise Boulevard, 6723",0-614-062-2238,2tEcd0hSGo,Diane_Alexander6219@deons.tech,4,6/16/1979,0,False,11/4/2022
126,Marla Baldwin,"Viscount   Avenue, 1683",3-330-541-8236,NULAdmZSWR,Marla_Baldwin9989@bungar.biz,3,6/3/2000,0,False,10/26/2022
127,Elisabeth Porter,"York Vale, 6294",5-487-857-7330,UPG2Zexgyn,Elisabeth_Porter8034@deavo.com,3,1/18/2007,1,False,6/23/2022
128,Harvey Forth,"Bishop   Way, 262",7-187-630-8226,ccT9xvWKhY,Harvey_Forth6609@twipet.com,4,3/15/1977,1,False,7/18/2022
129,Clint Boyle,"Rail Walk, 3077",3-181-061-8680,t3DmOzSuUV,Clint_Boyle4597@mafthy.com,1,1/18/2020,1,False,12/11/2022
130,Hadley Connor,"Carltoun   Way, 3853",2-083-054-1766,jDc75lvQpd,Hadley_Connor2079@gompie.com,1,7/14/1972,2,False,9/4/2022
131,Maia Andrews,"Meadow Vale, 3684",7-106-737-0825,6y64BhpU3a,Maia_Andrews4896@liret.org,3,6/24/1979,1,False,7/25/2022
132,Penny Huggins,"Apsley    Grove, 7005",2-015-758-6406,32R6T4of0c,Penny_Huggins1894@brety.org,1,4/22/2016,0,False,12/11/2022
133,Sylvia White,"Queen Way, 5998",0-122-044-2853,cWlPCT8woO,Sylvia_White11@nickia.com,6,5/16/1977,1,False,12/23/2022
134,Dani Brock,"Ayres   Vale, 4288",6-084-142-5350,Ww6WAdUK9x,Dani_Brock2609@deavo.com,2,2/9/2001,2,False,5/20/2022
135,Jocelyn Chadwick,"Garfield Walk, 6748",6-078-454-1477,mPKnZTk4CE,Jocelyn_Chadwick8763@zorer.org,3,2/10/1999,2,False,12/27/2022
136,Stephanie Addley,"Fawn Crossroad, 9879",4-288-045-5658,aQtlzJZZWD,Stephanie_Addley1157@atink.com,2,10/21/2013,2,False,5/5/2022
137,Mike Parker,"Cingworth  Boulevard, 948",4-863-250-7845,9Uf5aIdGlZ,Mike_Parker8995@bauros.biz,6,3/23/1998,0,False,11/23/2022
138,Rylee Ashwell,"Aspen Vale, 2805",4-274-202-1805,fzuqlJ1230,Rylee_Ashwell7120@mafthy.com,0,5/11/2001,1,False,5/7/2022
139,Hank Gates,"Linden Way, 5142",1-431-133-2528,h1Raunw0zG,Hank_Gates2095@grannar.com,1,12/2/1972,1,False,9/15/2022
140,Penny Jones,"Bocking   Lane, 2582",0-533-744-0334,PbxZ47IF5I,Penny_Jones3985@deavo.com,0,5/24/2006,1,False,8/3/2022
141,Chris Allwood,"Carpenter Grove, 5654",6-151-823-3873,NV8Hl3QroL,Chris_Allwood524@cispeto.com,2,6/14/1970,2,False,5/22/2022
142,Doug Neville,"Parkfield  Vale, 3875",6-755-617-8415,ibwXnoTMk6,Doug_Neville5539@kideod.biz,0,2/9/2011,2,False,11/15/2022
143,Mark Giles,"Blackall   Way, 8478",4-436-243-8152,dSjbKbh0Jn,Mark_Giles132@tonsy.org,2,1/30/1991,2,False,6/3/2022
144,Audrey Miller,"Castlereagh   Rue, 2484",1-561-720-4767,7CbMgRDWIF,Audrey_Miller2488@famism.biz,0,10/14/1994,1,False,12/29/2022
145,William White,"Cavell   Avenue, 711",1-820-116-2141,HUiJ6hlnRj,William_White1430@extex.org,6,12/15/2009,1,False,6/14/2022
146,Doris Grady,"Boleyn  Crossroad, 2874",7-478-773-2304,taNf85XUGF,Doris_Grady2812@typill.biz,6,6/1/1988,1,False,12/18/2022
147,Roger Tobin,"Besson  Alley, 8919",6-704-647-2702,mmtLhqznyS,Roger_Tobin3836@sheye.org,3,10/5/1973,2,False,10/1/2022
148,Nicholas Walsh,"Virgil   Tunnel, 9010",1-224-638-0183,fWSkSAiXwe,Nicholas_Walsh7102@gompie.com,2,9/28/1991,0,False,7/3/2022
149,Makenzie King,"Geffrye   Pass, 7378",8-887-014-8712,t7fZdp3EZ9,Makenzie_King7811@brety.org,1,8/23/2004,2,False,6/12/2022
150,Eden Wise,"Cave   Boulevard, 2988",6-321-543-0213,OMSuJLnK8J,Eden_Wise9240@twipet.com,2,11/10/2019,2,False,10/15/2022
151,Blake Bradshaw,"Charterhouse  Pass, 1292",6-824-184-4863,KkWJ0FBN9n,Blake_Bradshaw667@gmail.com,3,5/27/1993,2,False,10/21/2022
152,Sharon Parker,"Arline    Vale, 56",0-338-443-1574,aVseljzGpR,Sharon_Parker931@qater.org,5,8/28/2020,0,False,6/26/2022
153,Quinn Stanley,"Durnford  Road, 9285",1-478-522-1465,xnes7fpBsQ,Quinn_Stanley7892@twace.org,4,11/2/1998,2,False,12/21/2022
154,Elly Squire,"Bliss  Alley, 6898",4-083-236-3486,8WRpVUHUdr,Elly_Squire1446@supunk.biz,2,2/22/2008,2,False,10/12/2022
155,Crystal Neville,"Balfour    Route, 1210",4-157-487-4414,Kmo9Uppn0c,Crystal_Neville2494@joiniaa.com,4,7/8/1985,0,False,9/14/2022
156,Rowan Robertson,"Hickory   Crossroad, 7396",5-386-348-8384,HHhpMyDgPj,Rowan_Robertson7995@womeona.net,0,8/23/2002,1,False,11/18/2022
157,Agnes Smith,"Durham Street, 7934",2-460-834-1476,bDmKz44JeD,Agnes_Smith5059@twipet.com,5,5/26/1975,0,False,12/7/2022
158,Rhea Drummond,"Boadicea   Vale, 1813",4-277-730-1630,YdqtxN09cI,Rhea_Drummond2524@qater.org,6,10/30/2017,2,False,10/22/2022
159,Erick Wright,"Wager   Road, 7284",3-148-446-1817,QapCMZ73Tx,Erick_Wright6931@womeona.net,4,6/17/2005,1,False,6/5/2022
160,Agnes Whinter,"Ensign   Route, 4013",7-334-240-0873,qjr5tkyQ53,Agnes_Whinter1805@gompie.com,0,8/14/1970,1,False,8/10/2022
161,Havana Jarvis,"Cloth  Grove, 2317",5-457-441-1323,8obfmyQeHA,Havana_Jarvis8837@irrepsy.com,6,5/18/1992,0,False,8/1/2022
162,Nina Roman,"Tiptree   Avenue, 5483",8-273-537-1885,FgSOqCrWoX,Nina_Roman812@bungar.biz,5,8/31/2017,0,False,5/9/2022
163,Ron Bell,"Bell    Boulevard, 9932",0-802-820-0763,3Z2K1YAatz,Ron_Bell2290@dionrab.com,6,9/20/2014,0,False,10/2/2022
164,Sadie Simpson,"Bedford  Lane, 6216",7-473-715-7722,CriJy0ObU6,Sadie_Simpson4820@ovock.tech,1,1/24/1972,0,False,12/1/2022
165,Jaylene Hill,"Beatty  Alley, 7107",8-477-251-7175,uMmpTijXVo,Jaylene_Hill5938@vetan.org,0,2/3/1993,1,False,8/7/2022
166,Peter Walter,"Chamberlain  Drive, 4536",1-674-014-4156,zStDV1sWtl,Peter_Walter3324@gembat.biz,2,9/27/1990,0,False,10/1/2022
167,Chuck Whitmore,"Camley   Drive, 3121",8-460-057-3505,8wP02cbEng,Chuck_Whitmore790@liret.org,6,9/13/2021,1,False,9/17/2022
168,Leilani Bailey,"Clarks  Boulevard, 8263",5-171-555-3024,UFVw3SzBtU,Leilani_Bailey5001@typill.biz,4,9/20/1994,1,False,7/12/2022
169,Ada Hale,"Endsleigh  Boulevard, 3342",6-823-525-3276,uLjeEXOrrZ,Ada_Hale8814@qater.org,2,6/13/2020,0,False,10/2/2022
170,Marissa Hall,"Beechen  Road, 2256",2-745-040-5608,CVn50CBWTE,Marissa_Hall7826@sveldo.biz,5,3/21/1981,1,False,12/1/2022
171,Michael Robinson,"Clarks  Tunnel, 4232",1-502-458-7613,KGqJevpbeR,Michael_Robinson5884@yahoo.com,4,6/24/1976,0,False,8/15/2022
172,Nick Sylvester,"Caslon   Boulevard, 6211",5-363-667-4287,uvxJjjaJcw,Nick_Sylvester541@muall.tech,2,5/19/2008,1,False,11/13/2022
173,Marigold Tanner,"Cadogan  Road, 4186",2-242-560-8757,Qp10hwWoIQ,Marigold_Tanner6278@extex.org,4,3/31/1977,2,False,10/25/2022
174,Claire Freeburn,"Charnwood   Walk, 411",4-438-742-4830,e92JmT4HuS,Claire_Freeburn1413@famism.biz,3,1/24/2014,1,False,5/8/2022
175,Abdul Brennan,"Linda Lane Walk, 5909",5-884-128-4551,lPCtTc1I1r,Abdul_Brennan3173@hourpy.biz,4,7/19/1986,0,False,7/29/2022
176,Lucas Silva,"Bayberry Boulevard, 6109",8-230-131-4732,Y263QEXOgT,Lucas_Silva5761@ubusive.com,1,7/27/1980,2,False,6/5/2022
177,Jacob Wilkinson,"Arline    Grove, 8882",4-347-083-1583,wPvSZ9K3T5,Jacob_Wilkinson4250@nickia.com,3,10/27/1981,0,False,7/16/2022
178,Carter Latham,"Rosewood Vale, 2296",4-308-036-7143,x0G7Hs8lsI,Carter_Latham625@deons.tech,0,1/10/2000,2,False,7/23/2022
179,Ryan Watt,"Bingham   Hill, 8645",5-015-144-7371,G4YFYQ7Z9h,Ryan_Watt8042@fuliss.net,5,7/11/1976,0,False,11/4/2022
180,Percy Ward,"Bolton  Drive, 497",4-848-125-5542,YQhUzCSdOw,Percy_Ward2936@iatim.tech,6,12/18/1974,0,False,8/23/2022
181,Madelyn Coates,"King Rue, 8782",2-156-036-8320,nBvROUgz9k,Madelyn_Coates4049@ubusive.com,4,1/23/1970,0,False,9/12/2022
182,Mason Groves,"South Lane, 7207",3-660-876-1022,uOrR4wAvh6,Mason_Groves8520@qater.org,4,12/2/2006,2,False,9/11/2022
183,Susan Wood,"Badric  Rue, 1653",7-277-476-8287,pFXwi4GVwy,Susan_Wood3246@ubusive.com,3,10/12/2006,0,False,7/7/2022
184,Cadence Stevens,"Caedmon  Vale, 9046",3-117-673-2208,h55Wc4WGup,Cadence_Stevens5914@sheye.org,5,2/13/2007,1,False,9/8/2022
185,Julius Bennett,"Norland  Pass, 8221",3-771-465-3226,p6ZOyVRJWg,Julius_Bennett9081@iatim.tech,1,2/17/1995,1,False,7/4/2022
186,Samara Ellis,"Victoria  Boulevard, 9649",6-823-278-4153,5SWScQjncK,Samara_Ellis1094@qater.org,4,4/23/1971,0,False,5/4/2022
187,Eden Lane,"Chelsea Manor  Lane, 6164",1-028-231-2884,OC1xpHpT9y,Eden_Lane2642@cispeto.com,5,4/6/1999,2,False,11/10/2022
188,Carl Walton,"Gatonby   Tunnel, 6899",1-761-875-0384,A85x2hfZpW,Carl_Walton425@irrepsy.com,1,3/31/1976,1,False,11/19/2022
189,Liv Stanton,"Charnwood   Crossroad, 7713",0-767-278-6145,UdkUIVaAWM,Liv_Stanton6177@gompie.com,5,12/23/1974,0,False,7/9/2022
190,Claire Turner,"Canning  Drive, 3364",5-770-046-7265,KWciZT9vDL,Claire_Turner6259@mafthy.com,2,7/18/1978,2,False,11/13/2022
191,Nate Casey,"Lake Way, 5981",4-603-117-1021,U04J6QZ5oz,Nate_Casey9006@zorer.org,3,6/29/2015,1,False,9/25/2022
192,Luke James,"Elystan  Tunnel, 450",5-466-647-4470,Yi8vj3njMY,Luke_James880@womeona.net,5,9/21/2002,0,False,8/3/2022
193,Nathan King,"Elystan  Pass, 4030",0-117-112-3304,5jDoi45FWe,Nathan_King1940@gembat.biz,5,12/24/1994,2,False,8/18/2022
194,Sharon Waterson,"Calverley  Pass, 4181",0-522-144-0244,MDZ419YTL7,Sharon_Waterson5998@joiniaa.com,0,4/5/1999,2,False,10/5/2022
195,Josh Mann,"Wadham  Hill, 142",3-144-826-4222,gagcbLQvaZ,Josh_Mann1257@nanoff.biz,5,1/22/2012,0,False,12/18/2022
196,Stephanie Jordan,"Blackall   Alley, 3075",0-515-116-6176,nHIlSAosmR,Stephanie_Jordan2977@gmail.com,1,2/25/1988,2,False,7/12/2022
197,Skylar Asher,"Parkgate  Way, 6764",4-212-228-6646,eKdCxO5QEa,Skylar_Asher6423@bungar.biz,3,8/30/1999,2,False,7/20/2022
198,Aileen King,"Queensberry  Lane, 431",1-032-871-6345,DSfP3Wop5y,Aileen_King3180@zorer.org,6,8/3/1976,1,False,10/12/2022
199,Lorraine Tennant,"Norfolk  Way, 7620",2-722-121-4715,dd8NzIeLkX,Lorraine_Tennant15@bretoux.com,2,3/20/2015,1,False,10/8/2022
200,Payton Lloyd,"Collins  Pass, 8512",1-731-315-0812,taBXPe1YrO,Payton_Lloyd606@infotech44.tech,6,7/13/1998,0,False,10/31/2022

