ID,Name,Address,Phone,WeChat,Email,Profession,Birth,Risk,hasDDL,Deadline
1,Mark Norburn,"Duthie   Rue, 9197",8-350-016-2487,DvmhTeDWxe,Mark_Norburn2570@gmail.com,4,9/3/2013,1,True,11/22/2022
2,Rocco Little,"Rivervalley Drive, 4361",0-626-016-2527,c80at88R7B,Rocco_Little2748@nimogy.biz,5,1/24/1978,1,True,5/19/2022
3,Mike Strong,"Tilson  Rue, 7123",3-773-738-7237,QIAZxAggAt,Mike_Strong7197@sheye.org,6,10/10/1980,0,False,11/12/2022
4,Daphne Gordon,"Glenwood Lane, 7787",0-560-778-0487,ZJn8mG2II9,Daphne_Gordon8402@nimogy.biz,4,9/15/2000,1,False,7/14/2022
5,Cara Nurton,"Virginia Road, 3930",6-241-731-6580,mNxwQ29gQ2,Cara_Nurton3801@nickia.com,1,7/3/2002,2,False,9/20/2022
6,Julius Bolton,"Rosewood Walk, 1978",4-283-163-7852,CIwfYnQjti,Julius_Bolton7111@ovock.tech,5,9/22/1991,1,True,12/22/2022
7,Catherine Warner,"Geffrye   Alley, 9365",6-030-442-0280,C6FnuSN8j3,Catherine_Warner9717@acrit.org,6,1/4/2005,2,False,12/29/2022
8,Evie Marshall,"Howard Street, 8789",2-624-083-0603,KSgCsrjbnp,Evie_Marshall4891@deons.tech,2,6/27/2021,0,False,8/25/2022
9,Rylee Warden,"Chantry   Walk, 7416",4-718-470-5527,rYkNyo0dVE,Rylee_Warden1348@yahoo.com,3,5/13/2000,0,False,12/25/2022
10,Liam Thornton,"Coley  Crossroad, 1583",5-166-270-3734,3ZdpUvjUlp,Liam_Thornton8567@supunk.biz,4,11/16/1987,1,False,8/22/2022
11,Michaela Lynn,"Tilloch   Tunnel, 8026",7-627-303-2070,x1QexyAYUz,Michaela_Lynn3546@fuliss.net,3,10/1/2020,2,False,12/9/2022
12,Lindsay Lloyd,"Charterhouse  Boulevard, 2551",5-665-265-6780,Z458etv1VL,Lindsay_Lloyd3193@corti.com,1,6/3/2018,1,True,6/29/2022
13,Marvin Button,"Camelot   Boulevard, 2983",3-127-644-3421,wr7EPLbokM,Marvin_Button2710@gembat.biz,1,8/21/2004,0,True,11/15/2022
14,Ronald Vaughn,"Collins  Avenue, 4244",0-072-344-6048,OwsGJ7CN5w,Ronald_Vaughn7705@liret.org,4,9/28/1993,0,True,6/20/2022
15,Livia Connell,"Wake  Crossroad, 1962",2-865-754-6460,AZinU0FwhJ,Livia_Connell3930@nimogy.biz,6,1/19/1986,0,False,10/13/2022
16,Erick Richardson,"Ampton  Walk, 8739",2-562-011-3512,YMSC2StUfT,Erick_Richardson9867@corti.com,3,10/18/1974,2,True,7/8/2022
17,Destiny Haines,"Fieldstone Drive, 1074",1-780-627-8864,UPTiVFNL8Y,Destiny_Haines7784@corti.com,5,5/4/2015,0,True,6/14/2022
18,Hope Hastings,"West Pass, 8024",2-831-288-8374,eO8saXMOrK,Hope_Hastings4951@typill.biz,3,2/2/2000,2,True,7/15/2022
19,Chris Murray,"Lincoln Grove, 9136",0-181-865-7470,zJDnwF5kqZ,Chris_Murray9747@infotech44.tech,1,6/23/1999,0,False,5/17/2022
20,Angela Garner,"Canning  Avenue, 8864",8-640-044-3683,atufCMrnNo,Angela_Garner7755@womeona.net,2,10/31/2012,1,True,6/24/2022
21,Phillip Edmonds,"Spruce Street, 812",2-513-753-0757,07RONNNRDZ,Phillip_Edmonds7031@fuliss.net,0,10/10/2006,0,True,9/19/2022
22,Agnes Davies,"Westbourne Grove, 1768",5-006-734-1443,PjIphmBn3o,Agnes_Davies3120@bungar.biz,6,11/14/1972,0,True,9/16/2022
23,Penny Trent,"Cam  Tunnel, 3340",3-745-327-3833,nhigVIErYB,Penny_Trent1036@qater.org,1,12/19/2016,2,False,11/27/2022
24,Erick Oakley,"Calshot   Hill, 7222",5-847-784-1501,kj1STASrB0,Erick_Oakley3305@iatim.tech,3,4/29/2000,0,False,9/21/2022
25,Alba Russell,"Thomas  Grove, 9636",8-276-127-8017,cmf2UU6RvD,Alba_Russell2520@twace.org,6,10/3/1993,0,True,10/24/2022
26,Benny Thompson,"Thoresby   Grove, 3152",2-828-811-0036,nqq4oJAPtN,Benny_Thompson1777@bauros.biz,5,7/5/1993,1,True,11/29/2022
27,Leilani Taylor,"Fieldstone Lane, 3284",1-046-403-1743,bqrGFOccJf,Leilani_Taylor2969@vetan.org,5,7/30/1997,0,False,10/4/2022
28,Hank Trent,"Cloth  Tunnel, 3723",3-408-836-7737,ivwz4ZsNJ6,Hank_Trent6095@ovock.tech,0,2/11/2012,0,False,8/11/2022
29,Sabrina Parr,"Mariner  Crossroad, 1073",5-277-801-2056,7xIazgCJaC,Sabrina_Parr9498@iatim.tech,6,4/3/2021,0,True,10/10/2022
30,Tiffany Bingham,"Coal Wharf  Road, 7226",2-065-143-0574,MecDqr4yWr,Tiffany_Bingham4638@gembat.biz,2,5/25/2019,1,True,5/20/2022
31,Anthony Morrow,"Ellerslie Walk, 5159",1-301-242-3078,zUoB11XmIV,Anthony_Morrow7099@joiniaa.com,5,10/16/2011,1,False,8/6/2022
32,Chadwick Woods,"Heritage Road, 4806",6-657-820-3320,4boKf5MYJR,Chadwick_Woods1985@yahoo.com,6,11/5/1992,1,True,8/15/2022
33,Rick Hardwick,"Earl Rise Drive, 5514",0-750-041-4153,Nm1LirtVmh,Rick_Hardwick254@zorer.org,5,7/9/2012,0,True,8/20/2022
34,Claire Pearce,"Beaconsfield  Lane, 9444",0-277-111-4878,TRTAD63Rw6,Claire_Pearce9090@liret.org,4,12/25/1979,2,False,5/1/2022
35,Johnny Tailor,"Rosewood Hill, 5983",0-033-518-8704,onIAKATpDP,Johnny_Tailor4336@deavo.com,1,8/4/2013,2,False,12/11/2022
36,Jackeline Rosenbloom,"Black Swan  Lane, 549",1-086-131-6332,zUdVkVGkhn,Jackeline_Rosenbloom1098@nanoff.biz,1,12/4/1974,1,True,9/24/2022
37,Alan Woodcock,"Bective  Alley, 4907",8-743-305-7314,cMYaD1xqjC,Alan_Woodcock2033@twipet.com,2,2/9/2011,1,False,5/26/2022
38,Kurt Scott,"West Walk, 66",0-351-518-8173,qQfcvhMlQn,Kurt_Scott8812@twipet.com,1,7/1/1973,2,False,8/13/2022
39,Harry Neal,"Antrobus   Pass, 6478",0-446-631-4572,aKgWHJVIZs,Harry_Neal8899@nanoff.biz,3,3/10/1992,2,False,6/9/2022
40,Alexia Stone ,"Comet House  Avenue, 6457",0-840-308-4243,P6T6NS8Sbv,Alexia_Stone 5577@mafthy.com,5,12/25/2002,1,False,11/5/2022
41,Erick Woods,"Blackheath  Street, 4227",3-124-384-1088,XPE2bTqZjC,Erick_Woods6935@twace.org,0,4/7/2005,2,False,11/11/2022
42,Blake Skinner,"Cavaye  Route, 7242",2-713-233-6584,tsmXqBJyje,Blake_Skinner689@liret.org,6,12/11/1976,0,True,6/11/2022
43,Sonya Palmer,"Paris   Crossroad, 2781",4-578-503-1435,HQwONkTSiy,Sonya_Palmer9690@sheye.org,2,9/10/2010,1,False,6/17/2022
44,Kimberly Victor,"Virginia Tunnel, 683",2-375-608-5405,LYRdh2eLXp,Kimberly_Victor3942@typill.biz,2,2/23/1979,2,False,12/27/2022
45,Nathan Uttley,"Aylward   Rue, 7281",2-752-408-0048,uD2Y3lfdZP,Nathan_Uttley2378@qater.org,0,7/8/1973,0,False,8/15/2022
46,Belinda May,"English   Crossroad, 1641",3-651-322-1736,koOdD9fOM2,Belinda_May7559@yahoo.com,6,4/24/1975,2,True,5/24/2022
47,Emely Rogers,"Blue Anchor  Pass, 8245",0-825-270-5807,SSoRlspEIV,Emely_Rogers6878@gmail.com,1,12/18/1983,0,False,8/25/2022
48,Jolene Shields,"West Rue, 2584",1-257-677-0047,5mjdUkEXm4,Jolene_Shields7557@elnee.tech,0,10/14/1997,1,False,6/12/2022
49,Gil Spencer,"Charterhouse  Avenue, 4754",8-826-146-1873,WADVX0jQNQ,Gil_Spencer8994@womeona.net,4,11/15/1984,1,False,7/1/2022
50,Chuck Hobbs,"Kilner   Crossroad, 9765",7-285-072-8452,fSSM9Zoarm,Chuck_Hobbs8850@iatim.tech,3,10/24/2000,0,True,12/17/2022
51,Davina Walker,"Chantry   Rue, 4678",1-838-166-2665,wRJV7qbDqB,Davina_Walker2139@vetan.org,0,4/21/2005,2,False,5/16/2022
52,Mary Andersson,"Bendall   Boulevard, 8443",5-435-717-5832,ez9c6YQRE8,Mary_Andersson7257@bretoux.com,3,6/17/2004,1,False,8/10/2022
53,Nick Tindall,"Kinglake  Tunnel, 5141",2-104-856-8452,QYQ21O66wV,Nick_Tindall5256@infotech44.tech,1,3/23/1970,2,False,6/1/2022
54,Remy Appleton,"Bendmore  Avenue, 859",2-770-415-7212,2DdJtN0fsL,Remy_Appleton733@deons.tech,3,3/5/1994,1,True,6/20/2022
55,Meredith Eddison,"Callcott   Pass, 8599",5-426-623-4505,ySw3PtQin2,Meredith_Eddison5@joiniaa.com,1,9/25/1970,0,False,5/3/2022
56,Ilona Lucas,"Rivervalley Walk, 2132",4-603-431-5817,cYG9nIDp6y,Ilona_Lucas1484@cispeto.com,6,12/26/1973,2,False,8/25/2022
57,Lucy Willis,"Blore  Pass, 6261",6-627-747-0534,ttzYWOCRPq,Lucy_Willis4787@ovock.tech,5,10/28/2007,2,True,10/7/2022
58,Bart Ward,"Castlereagh   Vale, 5210",3-682-665-5868,6vc6MyfFUk,Bart_Ward8342@yahoo.com,5,2/18/2011,1,True,8/16/2022
59,Kieth Knight,"Chesterfield  Drive, 9757",8-202-862-7002,Zkz5jpLdSW,Kieth_Knight8811@deons.tech,4,1/25/1986,1,False,10/20/2022
60,Mark Upsdell,"Carol   Crossroad, 835",1-454-108-0722,TMqlBNf5mm,Mark_Upsdell2903@jiman.org,1,8/11/1988,1,True,11/20/2022
61,Hayden Blackburn,"Carlton  Avenue, 2803",3-013-538-7430,O1NczNbJAI,Hayden_Blackburn4984@iatim.tech,1,12/15/1992,1,False,10/29/2022
62,Madelyn Gilmour,"Cliff  Hill, 9615",1-080-450-1825,zbcI1a93KZ,Madelyn_Gilmour1046@bretoux.com,5,3/7/2004,2,False,10/27/2022
63,Miley Oswald,"Bacon  Rue, 8297",3-771-081-5431,HCWhFuMWFZ,Miley_Oswald7984@nanoff.biz,0,1/17/2001,1,False,7/20/2022
64,George Farrant,"Chestnut  Rue, 7426",2-565-652-5562,VPiZnrylu9,George_Farrant9311@bulaffy.com,3,12/27/1972,1,True,11/26/2022
65,Hailey Glynn,"Carnegie   Boulevard, 9762",0-358-685-6507,ag4uVrQfY0,Hailey_Glynn2903@bulaffy.com,4,4/7/2015,2,False,9/13/2022
66,Margaret Quinn,"Abbey   Rue, 677",6-024-130-5740,yF6Ixb8DBL,Margaret_Quinn9477@yahoo.com,0,8/29/1997,0,False,5/7/2022
67,Judith Mcgee,"Apothecary   Avenue, 4281",5-162-460-4471,V5p2y8RBYf,Judith_Mcgee2164@supunk.biz,5,10/11/1992,0,True,11/18/2022
68,Colleen Gilbert,"Arline    Avenue, 7885",6-333-867-8577,rVG5Xw90Ke,Colleen_Gilbert3811@eirey.tech,1,6/28/1971,0,True,9/28/2022
69,Aeris Kidd,"Bond Crossroad, 7561",5-304-316-3601,M2USVJNWwx,Aeris_Kidd4800@muall.tech,4,9/21/1980,1,True,9/16/2022
70,Chester Wigley,"Ashley Pass, 9084",3-451-533-4838,kmF7GqYRyM,Chester_Wigley6253@bungar.biz,6,5/12/1995,2,True,5/11/2022
71,Jayden Doherty,"Vintners  Road, 7959",2-410-781-0144,4d6svjsrOU,Jayden_Doherty5591@nimogy.biz,5,4/2/1985,2,True,6/25/2022
72,Winnie Partridge,"Amwell    Road, 5109",2-052-618-4656,KvydsxWxSz,Winnie_Partridge199@ubusive.com,3,12/11/1981,1,True,7/14/2022
73,Katelyn Cartwright,"Meadow Vale, 1566",5-530-804-4078,GCspNrLEbk,Katelyn_Cartwright9046@deons.tech,5,1/16/1986,2,True,11/14/2022
74,Barry Varley,"Thomas More   Avenue, 1729",7-085-016-8465,sSqjuhpw8j,Barry_Varley8816@brety.org,5,2/8/1970,0,False,9/28/2022
75,Keira Mann,"Beechen  Rue, 1093",2-400-501-4086,5cgl3RLllT,Keira_Mann2869@guentu.biz,0,5/9/1978,0,False,11/22/2022
76,Gil Gordon,"Castlereagh   Street, 9117",3-321-768-1262,t2DxAm92fD,Gil_Gordon7464@corti.com,0,11/1/1972,2,True,5/19/2022
77,Maggie Ward,"Spruce Tunnel, 4749",1-702-611-8764,zxp1l0QHKv,Maggie_Ward1994@ubusive.com,5,7/3/2005,2,False,5/12/2022
78,Doris Aldridge,"Bede  Route, 9419",3-881-027-2751,rkFr4iTlBX,Doris_Aldridge29@atink.com,0,2/10/2003,0,True,12/16/2022
79,Harvey Emmott,"Sheffield Rue, 4332",8-331-632-5645,VmUjay1ggI,Harvey_Emmott3984@yahoo.com,0,12/5/2006,1,True,10/2/2022
80,Adalie Weston,"King Boulevard, 2821",2-467-050-5520,aoJRfYMcNi,Adalie_Weston8890@twipet.com,5,6/15/2014,0,False,11/5/2022
81,Ivy Graham,"Central  Alley, 1222",4-270-816-4754,bhIsWL3601,Ivy_Graham5710@acrit.org,6,7/6/1998,2,True,11/11/2022
82,Ada Bloom,"Blenkarne  Lane, 6417",4-255-022-3484,ySNQ42yerS,Ada_Bloom3049@mafthy.com,1,12/14/2012,1,False,7/7/2022
83,Cameron Grant,"Cave   Lane, 2218",8-488-187-8074,RvMVMoSwqA,Cameron_Grant781@infotech44.tech,0,4/10/2003,2,False,12/5/2022
84,Joseph Gibson,"Earl Rise Vale, 8409",4-315-881-6818,r8OMzjwUkI,Joseph_Gibson8738@yahoo.com,2,12/17/2018,1,True,11/13/2022
85,Benjamin Stubbs,"Baynes  Street, 6402",3-006-611-6081,mThroWtnlm,Benjamin_Stubbs6894@gmail.com,2,11/13/1986,0,False,12/3/2022
86,Ally Hooper,"Boldero   Rue, 7465",1-633-316-5242,MvkBprpbxo,Ally_Hooper1189@mafthy.com,3,10/18/1974,0,True,11/16/2022
87,Karen Lee,"Bective  Drive, 1295",1-875-363-8553,Ky3GDH7UZK,Karen_Lee939@bretoux.com,4,5/23/2005,0,False,8/10/2022
88,Julian Anderson,"Calvin   Vale, 4114",5-086-252-1737,Slh7HmM4Mg,Julian_Anderson5109@typill.biz,3,9/5/1977,0,False,10/28/2022
89,Elena Seymour,"Bellenden  Boulevard, 317",7-807-311-1340,HF62GNZlqM,Elena_Seymour7759@qater.org,2,4/12/2002,2,False,12/26/2022
90,Bob Hill,"Kinglake  Street, 252",3-217-250-7068,s6nzEIqMqo,Bob_Hill4913@kideod.biz,3,5/15/1995,1,False,10/16/2022
91,Nicole Myatt,"Linda Lane Vale, 9967",5-550-721-2023,sxfW5ymWNX,Nicole_Myatt8369@twipet.com,4,8/14/1970,1,False,8/21/2022
92,Henry Tanner,"Jackson Way, 2307",8-813-883-6131,9o5mvS6BKt,Henry_Tanner7585@guentu.biz,1,12/11/2011,1,False,5/18/2022
93,Jacob Sylvester,"Callcott   Pass, 404",2-710-644-5526,4XdeJGAhqx,Jacob_Sylvester8251@jiman.org,6,8/14/1984,1,False,5/23/2022
94,Celia Baker,"Gatonby   Route, 3285",7-501-410-4512,qZCPdiOsCc,Celia_Baker9586@fuliss.net,2,10/4/1981,1,False,9/13/2022
95,Lexi Allwood,"Elystan  Route, 1111",6-474-838-1633,WKW1yip3Fd,Lexi_Allwood6169@bulaffy.com,0,10/17/2000,0,False,10/8/2022
96,Doug Glass,"Bayberry Route, 8123",4-451-110-2306,JQSnFlz25V,Doug_Glass7182@famism.biz,5,9/21/2008,0,False,10/31/2022
97,Cassandra Ward,"Longman   Crossroad, 4032",8-770-241-4823,Onadwd5cPp,Cassandra_Ward5128@gembat.biz,3,8/31/1987,2,False,6/3/2022
98,Erica Harvey,"Maple Grove, 2353",7-857-443-7574,COktcmarpo,Erica_Harvey9423@qater.org,2,9/5/1974,1,False,12/13/2022
99,Johnathan Tait,"Chalcot  Lane, 8256",2-857-106-3647,aSuj2GPsDQ,Johnathan_Tait2373@supunk.biz,4,8/29/2016,0,False,9/5/2022
100,Georgia Gilmore,"Gavel   Vale, 9916",7-738-041-6545,qp1iBj68Ki,Georgia_Gilmore6733@eirey.tech,4,6/18/2020,1,False,9/7/2022
101,Lillian Sloan,"Marischal  Hill, 3893",7-735-475-5230,ZA7aHlrBaj,Lillian_Sloan7565@supunk.biz,5,7/31/1970,1,False,6/18/2022
102,Lily Curtis,"Clere  Tunnel, 1297",0-208-711-1217,HYJyEZkl9R,Lily_Curtis6488@dionrab.com,1,3/20/1979,1,False,11/10/2022
103,Joyce Wellington,"Argyle  Drive, 8916",3-353-306-2723,tAP0aN6y0F,Joyce_Wellington7084@grannar.com,4,1/3/1989,2,False,8/13/2022
104,Mabel Wade,"Earl Rise Walk, 1019",1-753-208-1080,rkIynz9DgZ,Mabel_Wade2636@elnee.tech,1,8/18/2013,1,False,8/6/2022
105,Alessandra Pierce,"Hamilton  Boulevard, 3073",7-447-363-4800,BjSr4XWg86,Alessandra_Pierce6761@mafthy.com,0,8/18/1997,1,False,9/13/2022
106,Jolene Gallacher,"Charterhouse  Crossroad, 1122",8-535-730-7067,sqUWK2XU4I,Jolene_Gallacher5327@fuliss.net,2,7/24/1994,1,False,5/29/2022
107,Mara Emmott,"Canon Street, 1559",4-676-578-3340,aO68XlBGaB,Mara_Emmott1938@liret.org,1,9/2/2002,0,False,12/2/2022
108,Domenic Weston,"Arthur  Rue, 6340",4-830-665-5366,P3wHTgnGkm,Domenic_Weston6475@dionrab.com,2,8/25/2002,1,False,10/26/2022
109,Zoe Potter,"Chestnut  Avenue, 9289",4-575-358-3007,BLGA25Fdhb,Zoe_Potter5428@yahoo.com,6,3/6/2019,2,False,9/9/2022
110,Stella Casey,"Lake Drive, 9953",1-783-661-1400,qn9d5n8o7r,Stella_Casey5394@cispeto.com,6,7/20/1999,2,False,5/19/2022
111,Harry West,"Ampton  Vale, 2290",2-687-876-1613,zyCSpVC1Ox,Harry_West1270@gembat.biz,2,11/26/2018,1,False,8/3/2022
112,Ramon Robinson,"Under  Drive, 7148",6-727-625-0152,fs6aHei6UP,Ramon_Robinson6142@kideod.biz,5,6/28/2011,1,False,5/25/2022
113,Colleen Shaw,"Argyle  Rue, 6860",0-480-572-7054,BqncFUfBZO,Colleen_Shaw2407@deavo.com,6,10/26/1998,1,False,7/16/2022
114,Danny Stanley,"Colombo   Vale, 9157",8-136-700-3646,SXRcxzFcIb,Danny_Stanley7425@irrepsy.com,4,1/5/1984,1,False,8/15/2022
115,Leilani Yarwood,"Timber   Road, 4777",4-078-606-5747,i8BdOqxeb3,Leilani_Yarwood6064@dionrab.com,6,11/25/1970,2,False,12/16/2022
116,Chad Norris,"Cleveland  Crossroad, 2620",5-557-878-2513,Ddlk15756D,Chad_Norris4586@brety.org,2,7/11/1998,1,False,8/1/2022
117,Jayden Beal,"Camberwell  Road, 1336",7-555-873-4374,3j3NM3NU5X,Jayden_Beal9129@infotech44.tech,4,1/21/2013,2,False,12/5/2022
118,Tyson Sloan,"Carltoun   Grove, 6618",5-055-445-0053,u2Gu7oByww,Tyson_Sloan1671@iatim.tech,0,2/25/2017,2,False,7/30/2022
119,Aisha Talbot,"Fieldstone Alley, 3476",5-022-817-7006,xQm2YZeotf,Aisha_Talbot8141@liret.org,1,5/21/1981,2,False,10/5/2022
120,Mya Wilson,"Arbutus   Street, 7506",8-166-054-1788,zvW0xzAAUN,Mya_Wilson6435@dionrab.com,4,10/19/1993,1,False,8/22/2022
121,Chadwick Rivers,"Victoria Rise Street, 6525",0-637-474-5538,5Z2hRDHQcq,Chadwick_Rivers7608@brety.org,4,5/29/1995,1,False,10/23/2022
122,Sadie Jennson,"Burton  Alley, 6418",0-210-245-3342,7Nu7QByTlQ,Sadie_Jennson6015@fuliss.net,1,2/4/2004,1,False,5/18/2022
123,Domenic Rossi,"Abourne   Route, 9542",2-140-161-0303,Y7fXdRAarX,Domenic_Rossi5288@hourpy.biz,2,3/9/1993,1,False,10/11/2022
124,Sage Wright,"Thomas  Drive, 8977",4-165-567-4280,lNojxTMkox,Sage_Wright5204@nickia.com,5,7/28/1988,0,False,7/31/2022
125,Brad Gibbons,"Boldero   Rue, 7728",6-434-401-7747,4XVG5c0Mks,Brad_Gibbons2149@jiman.org,0,8/9/1997,1,False,12/15/2022
126,Bryon Poulton,"Biggerstaff   Route, 2856",8-176-348-6337,ADECeLU6pe,Bryon_Poulton4715@elnee.tech,3,4/3/1998,1,False,10/29/2022
127,Harry Antcliff,"Cavendish Hill, 599",7-820-480-4641,0PqxarUNrG,Harry_Antcliff3628@jiman.org,4,2/20/2001,1,False,5/22/2022
128,Benny Jenkins,"Camdenhurst   Drive, 6168",6-778-580-7127,ES16folb6Z,Benny_Jenkins8731@deons.tech,2,3/20/1989,2,False,6/22/2022
129,Analise Norton,"Bletchley   Road, 7016",4-601-503-8828,m6DN1xdjJy,Analise_Norton6440@bulaffy.com,6,5/10/1972,2,False,12/15/2022
130,Johnathan Gibbons,"Timber   Pass, 3499",0-135-253-2303,Gu223yHFAR,Johnathan_Gibbons6888@extex.org,1,8/3/1987,1,False,5/3/2022
131,Phillip Pitt,"Ashley Hill, 4447",1-427-275-6747,t2tEYKOSsh,Phillip_Pitt1948@vetan.org,6,10/16/1973,2,False,10/15/2022
132,Harvey Franks,"Wakley   Lane, 5080",0-321-528-8164,880390bvsb,Harvey_Franks646@zorer.org,4,1/16/2013,2,False,5/3/2022
133,Gwenyth Kerr,"St. Pauls  Street, 7978",5-330-664-6678,5YLE6eqTSF,Gwenyth_Kerr7338@dionrab.com,6,9/22/2005,0,False,5/29/2022
134,Bart Graham,"Tiptree   Lane, 1095",7-440-205-1666,LJ5r2TcaRE,Bart_Graham3523@gompie.com,0,1/11/2008,0,False,6/28/2022
135,Benjamin Victor,"Chatsworth  Way, 6081",7-443-081-2216,PVkCb3eUrW,Benjamin_Victor1753@famism.biz,4,7/1/1997,1,False,10/4/2022
136,Carrie Ballard,"Westcott  Drive, 7901",3-317-283-1106,up4Ppbw0Hj,Carrie_Ballard2801@guentu.biz,1,3/5/2000,0,False,9/16/2022
137,Tom Noach,"Dunstable   Route, 5264",5-163-385-8561,FWyNFh9R3l,Tom_Noach8395@famism.biz,4,4/12/1996,1,False,10/13/2022
138,Francesca Nelson,"Castile  Crossroad, 6845",6-383-342-6223,A3f4sGE0Rq,Francesca_Nelson5127@acrit.org,1,2/6/1974,0,False,9/19/2022
139,Abbey Jones,"Abourne   Boulevard, 204",6-473-863-7372,bqi9QFrUew,Abbey_Jones2543@irrepsy.com,3,1/21/2004,1,False,11/25/2022
140,Jocelyn Sherwood,"Besson  Route, 4068",4-753-412-5570,KT1OeARrdy,Jocelyn_Sherwood626@corti.com,4,2/25/2021,0,False,9/11/2022
141,Doug Shaw,"Caedmon  Road, 5154",0-264-561-7501,aS3lbUAboZ,Doug_Shaw4362@mafthy.com,5,2/25/1986,2,False,12/4/2022
142,Meredith Ashley,"Callcott   Drive, 2965",6-728-516-3245,kkVGpq1Opz,Meredith_Ashley7399@extex.org,2,3/22/1979,1,False,5/16/2022
143,Angelica Bryson,"Chatfield  Tunnel, 1917",2-302-523-8067,gsUc717vU7,Angelica_Bryson6582@guentu.biz,1,5/20/1995,1,False,9/3/2022
144,Lorraine Newman,"Unwin  Rue, 8728",7-207-145-6686,L25OjgyzXt,Lorraine_Newman9287@womeona.net,3,3/17/1980,2,False,7/13/2022
145,Boris Scott,"Battersea   Road, 9395",5-763-721-5777,00TI6qfmYm,Boris_Scott9681@typill.biz,4,1/18/2006,1,False,12/17/2022
146,Isabella Dickson,"Yoakley Way, 8678",5-270-143-8640,GdoTnDIrYZ,Isabella_Dickson1669@nanoff.biz,2,4/5/2018,1,False,11/5/2022
147,Melody Kirby,"Black Swan  Grove, 2345",1-828-378-1517,CaPbdEiFvW,Melody_Kirby4020@elnee.tech,3,2/21/2008,2,False,9/10/2022
148,Peter Kelly,"Addison  Crossroad, 857",4-833-361-5222,grp1tgtP6l,Peter_Kelly2563@gembat.biz,4,1/3/2001,2,False,9/12/2022
149,Christine London,"Cloth  Alley, 9992",3-535-504-0548,L66eMuty1Y,Christine_London1632@muall.tech,2,12/10/2007,1,False,10/17/2022
150,Thea Booth,"Elba  Drive, 5753",0-233-038-6415,SMMlN7G3PK,Thea_Booth8529@nickia.com,0,12/31/2013,1,False,7/27/2022
151,Leilani Tindall,"Clavell   Tunnel, 3675",4-012-732-4530,trtYKnMkl0,Leilani_Tindall2567@acrit.org,0,5/25/2009,1,False,8/7/2022
152,Valentina Sylvester,"Boadicea   Boulevard, 4436",1-000-454-0763,lmqgMuJeV0,Valentina_Sylvester3380@sveldo.biz,0,9/29/2018,2,False,8/28/2022
153,Hayden Jenkins,"Tilloch   Hill, 1305",0-416-071-1852,g57kw66HLr,Hayden_Jenkins2687@famism.biz,3,6/9/1979,0,False,12/29/2022
154,Dani Watson,"Marischal  Drive, 1416",1-713-082-8567,QLWavenf3E,Dani_Watson6727@bungar.biz,1,2/14/2000,1,False,9/20/2022
155,Carter Gregory,"Cardinal Avenue, 2183",8-784-862-2857,j3GEd05yJB,Carter_Gregory7116@twipet.com,1,6/10/1975,0,False,10/13/2022
156,Mark Forester,"Ayres   Route, 8529",5-650-405-7850,J0ULNenZjY,Mark_Forester677@bulaffy.com,2,11/30/2015,0,False,10/19/2022
157,Johnny Lloyd,"Birkbeck  Walk, 845",6-426-348-7067,IAxcgwMMel,Johnny_Lloyd214@nimogy.biz,0,11/18/2015,2,False,6/5/2022
158,Cedrick Gonzales,"Coley  Drive, 3588",8-543-853-6404,19SdpxJ1x4,Cedrick_Gonzales1026@dionrab.com,1,3/10/2001,2,False,10/30/2022
159,William Sinclair,"Arthur  Vale, 3101",2-736-222-4710,mUMb3eQybQ,William_Sinclair7283@hourpy.biz,6,1/15/1985,2,False,6/6/2022
160,Gil Oliver,"Bel   Lane, 3159",2-676-412-0354,QdsCeAbbXn,Gil_Oliver1332@brety.org,2,5/30/1973,1,False,6/11/2022
161,Clint Hood,"Carlisle  Avenue, 1617",6-561-880-2400,Q4iqGBZn2e,Clint_Hood4917@gmail.com,0,3/5/1993,1,False,9/26/2022
162,Kieth Brown,"Bellenden  Avenue, 1749",4-325-282-7704,delpLQstf7,Kieth_Brown422@bauros.biz,6,10/20/1993,2,False,10/23/2022
163,Savannah Ianson,"Apollo  Rue, 5418",1-113-013-3546,pyBMfnSHIl,Savannah_Ianson5921@bungar.biz,0,2/21/1990,0,False,12/21/2022
164,Rocco Norris,"Calshot   Lane, 3249",7-802-805-7274,5pi6jNDBBh,Rocco_Norris3389@sveldo.biz,0,4/6/1999,2,False,10/6/2022
165,Caydence West,"Dunton  Vale, 3370",3-673-107-4265,xS4wczBvqY,Caydence_West493@tonsy.org,6,2/13/1979,0,False,5/5/2022
166,Rosa Nash,"Shepherds  Lane, 5253",4-138-670-3077,gze6Sg4Q7c,Rosa_Nash9234@liret.org,6,8/20/2009,0,False,12/9/2022
167,Hank Powell,"Babmaes    Alley, 3234",1-173-347-3632,nY6Di9WJw6,Hank_Powell4037@gembat.biz,0,2/19/2020,0,False,9/26/2022
168,Dalia Glass,"Mariner   Hill, 2680",1-477-526-1151,UITXt5wYtE,Dalia_Glass1971@sveldo.biz,6,2/5/2010,0,False,8/25/2022
169,Faith Marshall,"Glenwood Grove, 6875",8-235-520-4503,RcyLBZ2Fkc,Faith_Marshall3208@dionrab.com,3,6/6/1979,2,False,6/16/2022
170,Alexander Baxter,"Beechen  Grove, 4836",8-270-215-8640,pQ0OkL7bev,Alexander_Baxter8422@bauros.biz,4,9/27/2017,2,False,6/25/2022
171,Marvin Poole,"Ellerslie Vale, 9900",3-452-842-4425,zB5sHjRFdP,Marvin_Poole9034@extex.org,2,2/15/1986,0,False,6/8/2022
172,Lexi Pope,"Lexington Rue, 3853",4-326-638-4845,J8otfgP42T,Lexi_Pope6488@twipet.com,2,11/1/1973,2,False,11/24/2022
173,Melanie Welsch,"Canon Way, 9185",1-666-401-1656,AlwD3H2qKX,Melanie_Welsch3272@muall.tech,2,8/24/2004,2,False,12/3/2022
174,Vivian Doherty,"Ampton  Crossroad, 649",3-772-674-7506,uhbh0BVC9e,Vivian_Doherty8869@irrepsy.com,5,1/15/2005,0,False,5/2/2022
175,Jazmin Griffiths,"Gate   Rue, 8282",0-556-116-1475,hi3jeWBnVc,Jazmin_Griffiths8475@sheye.org,1,12/3/1971,1,False,7/30/2022
176,Alex Pope,"Angrave    Way, 5274",6-112-748-1021,crSXO3ZnAZ,Alex_Pope8216@grannar.com,3,9/18/1994,2,False,6/26/2022
177,John Haines,"Bayberry Route, 5641",1-573-788-3768,1JnH0npv3n,John_Haines6481@twace.org,2,6/30/1973,1,False,9/5/2022
178,Hayden Tait,"Balham   Rue, 5548",8-342-733-6875,Cuf5hdjRM0,Hayden_Tait3751@naiker.biz,5,7/20/1978,2,False,12/6/2022
179,Maxwell Hepburn,"Amwell    Avenue, 6968",1-257-445-4122,W4dsjouIRg,Maxwell_Hepburn3271@bungar.biz,4,12/2/2018,1,False,8/4/2022
180,Clint Forester,"Rosewood Tunnel, 6809",8-384-044-4434,YsML1Y60Rb,Clint_Forester715@ovock.tech,2,10/29/2015,1,False,11/14/2022
181,Ethan Knott,"Charnwood   Way, 3987",5-401-188-8311,yJ8O1YhpVR,Ethan_Knott2230@famism.biz,2,12/29/1998,2,False,8/27/2022
182,Carter Rust,"Fawn Street, 8815",6-383-084-4146,0rRHZdtnSF,Carter_Rust6498@famism.biz,2,2/5/2004,1,False,11/20/2022
183,Eduardo Hope,"Cliffords  Tunnel, 5650",3-303-252-0224,SG6xGReq8d,Eduardo_Hope7780@nanoff.biz,6,10/14/2003,2,False,5/26/2022
184,Georgia Mason,"Bingham   Street, 149",6-430-744-3845,yCQFmOKtGF,Georgia_Mason4085@ubusive.com,1,7/19/1976,0,False,9/4/2022
185,Aileen Chappell,"Bolingbroke  Road, 1104",5-181-426-2824,a7D5WKP8Jt,Aileen_Chappell5277@ubusive.com,6,6/18/2020,0,False,6/26/2022
186,Daniel Palmer,"Sherlock   Way, 8389",8-506-505-2677,IF1XC0BPex,Daniel_Palmer3530@nanoff.biz,6,4/22/1972,1,False,11/30/2022
187,Gwenyth Owen,"Comet House  Street, 8730",3-252-200-2240,c0GCnYIsWx,Gwenyth_Owen3203@bauros.biz,5,12/10/2019,2,False,9/9/2022
188,Diane Upsdell,"Aberavon  Way, 9585",2-000-831-4046,Wz1EDe2Rfj,Diane_Upsdell1242@gompie.com,0,8/21/2020,2,False,12/5/2022
189,Bryce Plant,"Clissold  Walk, 5439",4-871-314-8200,1pIXGbDCJu,Bryce_Plant7444@womeona.net,4,12/22/2003,2,False,11/20/2022
190,Oliver Marshall,"Camelot   Way, 7955",2-618-307-3303,KroxxbPeHS,Oliver_Marshall3798@gembat.biz,0,4/1/1981,0,False,11/19/2022
191,Ember Walker,"Carnegie   Vale, 6101",4-466-860-3811,B5ce6gHtHP,Ember_Walker8540@tonsy.org,4,9/8/1980,2,False,6/22/2022
192,Hayden Walter,"Rosewood Alley, 5439",2-380-570-0674,c1CWpTFel8,Hayden_Walter6141@vetan.org,1,4/29/2019,2,False,7/2/2022
193,Kirsten Norris,"Coley  Drive, 3983",2-668-268-0484,lAdimvyES1,Kirsten_Norris334@atink.com,0,1/11/2003,0,False,11/15/2022
194,Daron Mann,"Beatty  Lane, 1857",3-848-250-5521,CHqhNhpSvV,Daron_Mann2942@zorer.org,0,11/1/1975,0,False,10/21/2022
195,Eduardo Rogers,"Westcott  Walk, 9844",4-707-360-3416,PWJ0CCdz3I,Eduardo_Rogers892@kideod.biz,2,7/8/1999,2,False,10/18/2022
196,Chris Snow,"Kinglake  Rue, 3350",2-038-446-6087,CX40YZrTVo,Chris_Snow7784@nickia.com,6,10/6/1993,2,False,11/15/2022
197,Gabriel Garcia,"Victoria Rise Crossroad, 964",2-317-658-8470,gqVqiaZfDF,Gabriel_Garcia6777@guentu.biz,4,7/21/1975,1,False,10/11/2022
198,John Norton,"Thomas Doyle   Street, 7988",4-358-223-3705,T9yAldgr3Y,John_Norton512@mafthy.com,4,4/22/1981,0,False,12/24/2022
199,Ilona Kirby,"Ben   Route, 8118",4-703-238-0147,CKUZb07vHm,Ilona_Kirby8859@nanoff.biz,2,4/2/1972,0,False,9/3/2022
200,Carrie Alcroft,"Bales  Route, 8542",2-527-583-7207,IJQLkorSMP,Carrie_Alcroft6267@naiker.biz,5,7/9/2019,2,False,8/27/2022

