ID,Name,Address,Phone,WeChat,Email,Profession,Birth,Risk,hasDDL,Deadline
1,Maya Mcgee,"Cave   Drive, 3530",6-561-614-5051,sYiuZ2q23Q,Maya_Mcgee2512@vetan.org,3,8/12/1971,2,False,6/19/2022
2,Gabriel Glass,"Jackson Grove, 9365",1-572-814-5435,S1GFeBRKdI,Gabriel_Glass1942@vetan.org,3,6/5/1991,0,False,7/24/2022
3,Angel Mcgregor,"Charnwood   Hill, 8747",6-375-780-5680,w07x58TyoL,Angel_Mcgregor8802@grannar.com,5,11/6/1970,0,False,5/31/2022
4,Courtney Judd,"Blanchard  Walk, 5065",1-281-650-2176,Ci3ryyCjA1,Courtney_Judd1233@ubusive.com,1,4/30/2014,0,True,9/13/2022
5,Denis Morris,"Udall   Road, 4555",7-664-600-7588,UcvoEApQXe,Denis_Morris4558@twace.org,0,6/14/1985,1,True,12/3/2022
6,Percy Jarvis,"College  Hill, 7716",2-282-024-7537,PKq7UmnK7k,Percy_Jarvis8319@gmail.com,5,6/10/1973,1,False,10/22/2022
7,Leroy Gordon,"Falconberg   Alley, 694",2-650-051-2184,tplLa1NKc2,Leroy_Gordon1575@liret.org,0,2/9/2005,1,True,11/18/2022
8,Candace Nayler,"Cato   Pass, 4347",3-015-084-4263,RsmLGdcXVe,Candace_Nayler5390@deavo.com,3,9/17/1973,2,False,6/17/2022
9,Rosa Jobson,"Bekesbourne   Alley, 6858",1-538-240-8853,w6X60UsjQx,Rosa_Jobson9225@mafthy.com,6,2/26/1995,1,True,5/30/2022
10,Manuel Swift,"Cecilia  Vale, 5261",6-252-835-0724,QA02QCXabu,Manuel_Swift94@gmail.com,3,2/15/1995,0,True,10/11/2022
11,Jacqueline Attwood,"Arthur  Road, 703",2-612-777-4787,xXswu4Fza8,Jacqueline_Attwood3421@guentu.biz,4,12/21/1998,1,True,12/27/2022
12,Moira Rigg,"Dutton   Rue, 6225",5-832-271-7265,LcnF5xgw2J,Moira_Rigg9181@atink.com,3,12/16/2017,1,True,12/20/2022
13,Angelique Umney,"Blomfield  Route, 6850",7-765-672-6222,QPycsx8YOY,Angelique_Umney1143@bretoux.com,3,12/7/2010,2,False,5/6/2022
14,Joyce Willson,"Clyde Pass, 1237",6-762-465-5602,5KLSshHz88,Joyce_Willson361@qater.org,1,2/23/1982,2,False,8/25/2022
15,Harry Stone ,"Cedarne  Alley, 997",1-246-700-8736,GruIt6iCag,Harry_Stone 4778@naiker.biz,4,9/7/2001,2,True,7/29/2022
16,Julian Sinclair,"Cavaye  Grove, 1335",8-133-335-4165,x9pjnc6Jya,Julian_Sinclair1564@liret.org,0,9/17/2020,2,True,6/21/2022
17,Nicholas Alldridge,"Apothecary   Vale, 2385",3-168-054-3122,j6lsy9PcIR,Nicholas_Alldridge6006@vetan.org,5,2/27/1997,0,True,9/3/2022
18,Sebastian Chappell,"Canon Road, 3996",6-675-158-4152,14C7zjCdP4,Sebastian_Chappell4428@atink.com,6,6/17/2007,0,False,8/12/2022
19,Benny Rigg,"Callcott   Hill, 8860",7-175-851-6856,VvxeSj367z,Benny_Rigg8953@twipet.com,5,6/19/1981,1,True,5/7/2022
20,Enoch Speed,"Bekesbourne   Drive, 671",8-006-708-3508,3AlD8zIVX9,Enoch_Speed3406@sveldo.biz,3,10/10/1997,1,True,10/25/2022
21,Matthew Abbot,"Durham Lane, 1374",5-224-315-7438,bPjEo8eIvM,Matthew_Abbot8106@fuliss.net,5,8/24/1989,1,True,6/5/2022
22,Angelina Russell,"Blomfield  Vale, 3978",3-050-626-3736,UeK5uOaJYL,Angelina_Russell4733@liret.org,1,8/9/1983,2,False,9/20/2022
23,Hank Nobbs,"Maple Alley, 866",2-532-476-0204,nZwN7xcuCD,Hank_Nobbs6974@mafthy.com,3,3/17/2009,2,True,9/26/2022
24,Logan Ross,"Beaconsfield  Rue, 4498",0-166-788-4433,qPCCj91hKx,Logan_Ross9515@nanoff.biz,3,10/11/1993,1,False,11/18/2022
25,Paula Wooldridge,"Gathorne   Rue, 7996",3-424-388-2045,QXdoEBPPip,Paula_Wooldridge6323@guentu.biz,6,6/18/1998,0,False,10/4/2022
26,Nate Oliver,"Paris   Vale, 5308",2-820-054-2587,qoGIuiV51C,Nate_Oliver187@twipet.com,5,7/21/2017,2,False,7/27/2022
27,Johnathan Hope,"Black Swan  Crossroad, 9804",0-520-384-1507,XvSeQqdLig,Johnathan_Hope8627@iatim.tech,2,1/10/2000,2,False,8/15/2022
28,Chris Ramsey,"Biggerstaff   Grove, 9559",0-805-485-7280,0lScJ58g3V,Chris_Ramsey5196@jiman.org,1,2/11/2001,1,True,9/16/2022
29,Maribel Dempsey,"Becher  Walk, 5874",8-767-351-1464,spjlgo0EfG,Maribel_Dempsey7516@acrit.org,1,6/5/1992,2,True,7/14/2022
30,Michael Samuel,"Elgood   Pass, 15",7-626-477-3588,93SdKcdZ5u,Michael_Samuel7853@supunk.biz,4,6/7/1990,1,True,10/19/2022
31,Lucas Richards,"Caroline  Walk, 5779",6-367-820-7470,VBxPESrW1S,Lucas_Richards812@hourpy.biz,4,6/3/1985,1,True,10/26/2022
32,Noemi Hardwick,"Dunton  Rue, 788",4-626-831-2750,tO5QljJfNb,Noemi_Hardwick2377@gembat.biz,2,7/1/1974,1,True,5/8/2022
33,Benjamin Fox,"Cavell   Way, 9367",4-400-805-6556,3GcnRd5qtr,Benjamin_Fox175@sheye.org,6,3/13/1998,1,True,11/15/2022
34,Kirsten Ianson,"Angel  Route, 826",5-857-115-5501,1X2OewHiiS,Kirsten_Ianson6703@nanoff.biz,6,11/26/2013,2,False,5/15/2022
35,Erick James,"Queen Pass, 4005",7-124-481-6220,Gi0x5ssC3x,Erick_James627@typill.biz,6,4/29/1970,2,False,5/24/2022
36,Charlize Janes,"Virginia Route, 8886",1-614-587-6710,q00luVbfsl,Charlize_Janes3529@bungar.biz,6,6/27/1976,0,True,9/18/2022
37,Cecilia Cavanagh,"Arthur  Street, 486",8-684-330-4407,4IqRvuSYaO,Cecilia_Cavanagh3970@gompie.com,1,6/24/2003,0,True,12/4/2022
38,Eduardo Brown,"Ayres   Hill, 7068",1-170-768-5703,i3wyjGy2TC,Eduardo_Brown3583@kideod.biz,0,1/14/1976,2,True,8/2/2022
39,Payton Leigh,"Andsell    Tunnel, 9714",0-670-131-3517,jhPpyuy8I9,Payton_Leigh2464@nimogy.biz,3,11/15/2002,1,False,5/12/2022
40,Mark Cameron,"Western   Lane, 7738",5-206-476-4032,sfJ90DRaFh,Mark_Cameron9671@bulaffy.com,5,5/23/1976,0,False,7/5/2022
41,Matthew Jenkins,"Cingworth  Road, 8231",2-210-430-3832,Q7zOlUMnSv,Matthew_Jenkins1302@irrepsy.com,4,6/20/1978,1,False,10/4/2022
42,Sonya Rigg,"Cecilia  Boulevard, 7875",1-665-183-0883,ARsEIzf6ng,Sonya_Rigg7831@typill.biz,4,2/5/2008,0,False,11/12/2022
43,Dasha York,"Bacton   Hill, 1623",4-635-757-5463,R2oQV1D5AA,Dasha_York285@famism.biz,6,9/28/1978,1,True,10/28/2022
44,Mike Kaur,"Addison  Crossroad, 1053",2-373-545-2572,V3gJeqYb6f,Mike_Kaur4036@yahoo.com,3,8/18/2018,1,True,12/9/2022
45,Destiny Eagle,"Longman   Route, 6498",2-776-630-4550,Cu3l2ZPaMN,Destiny_Eagle5556@deavo.com,0,1/4/2018,2,False,7/8/2022
46,Martin Mcneill,"Bloomsbury  Walk, 5449",2-748-378-2271,7QJbpKsxMO,Martin_Mcneill291@nickia.com,0,8/16/1988,0,False,7/16/2022
47,Chadwick Lloyd,"Camera  Pass, 436",5-778-326-7304,0gmSQKchQ2,Chadwick_Lloyd9536@atink.com,1,9/20/1998,0,True,9/24/2022
48,Francesca Furnell,"Battis   Way, 295",3-151-445-7551,mPeKqqkXWy,Francesca_Furnell3282@iatim.tech,1,5/14/1993,0,True,5/23/2022
49,Shelby Vince,"Maple Pass, 797",4-675-781-4576,jXONDdUpZl,Shelby_Vince8066@bauros.biz,4,8/12/1998,1,True,7/23/2022
50,Cecilia King,"Jackson Route, 4668",8-311-140-5272,AVVdq7IEHN,Cecilia_King3794@guentu.biz,1,8/29/1997,1,False,9/11/2022
51,Barry Gardner,"Sheffield Avenue, 355",6-137-132-4711,W7QPkfApGv,Barry_Gardner9642@jiman.org,1,5/4/1984,2,False,5/15/2022
52,Ally Dobson,"Railroad Alley, 1921",6-221-814-6876,m2YQu2PfSR,Ally_Dobson1916@vetan.org,3,5/24/1977,2,False,10/6/2022
53,Kaylee Bayliss,"Enderby   Tunnel, 931",2-310-434-2651,rkw4hnsAMb,Kaylee_Bayliss5903@typill.biz,5,7/1/1980,0,False,5/15/2022
54,Noah Moore,"Charterhouse  Drive, 7009",2-412-087-1578,8FDosiY0Pu,Noah_Moore1158@tonsy.org,0,7/15/2000,2,False,9/6/2022
55,Eduardo Murphy,"Ampton  Walk, 2468",4-471-706-8623,msu6HTGnlP,Eduardo_Murphy6324@acrit.org,3,10/12/1985,0,True,7/8/2022
56,Barry Adams,"Kinglake  Street, 5015",6-634-583-8375,U6K91LR38z,Barry_Adams9142@zorer.org,0,6/21/2021,0,True,11/22/2022
57,Emely Ianson,"Caslon   Lane, 3919",4-232-080-4570,9GQpx2WhR5,Emely_Ianson2209@infotech44.tech,4,9/2/1970,0,False,10/5/2022
58,Scarlett Robertson,"Cadogan  Drive, 350",3-441-671-5405,0RmcRTwNwe,Scarlett_Robertson2041@gembat.biz,0,1/30/1982,2,True,7/11/2022
59,Lillian Weldon,"Woodland Lane, 1623",0-731-770-6012,saKhJTY3BO,Lillian_Weldon6220@hourpy.biz,2,4/13/2012,2,True,9/18/2022
60,Esmeralda Rowe,"Howard Tunnel, 4383",5-745-757-2860,S635dA9WeV,Esmeralda_Rowe2982@famism.biz,6,7/25/2002,1,False,7/12/2022
61,Nathan Duvall,"Blenkarne  Avenue, 2340",4-178-824-8125,1qvFSxi7Gs,Nathan_Duvall4620@sheye.org,0,4/30/1994,1,True,8/6/2022
62,Marvin Palmer,"Chicksand  Road, 3472",2-722-235-3315,fRWfFasdGH,Marvin_Palmer387@cispeto.com,4,1/2/2013,2,True,11/15/2022
63,Melanie Snow,"Birkenhead   Crossroad, 262",2-613-874-1576,wn6NMXnaUG,Melanie_Snow223@gompie.com,3,1/29/1986,1,True,11/25/2022
64,Denny Foxley,"Oxford Rue, 9347",3-188-100-5354,kFg5OMqCC2,Denny_Foxley8056@muall.tech,6,5/28/1970,0,False,7/10/2022
65,Brooklyn Latham,"Norfolk  Street, 2724",7-327-127-3451,OHlCmhB6ZH,Brooklyn_Latham8516@irrepsy.com,3,9/26/1988,1,True,6/10/2022
66,Chad Eaton,"West Pass, 7463",0-554-600-3323,CpyJA8uf9o,Chad_Eaton2126@brety.org,3,6/9/1993,1,True,5/21/2022
67,Michael Driscoll,"York Walk, 3025",1-212-518-6514,wQsFw0ICIS,Michael_Driscoll7548@ovock.tech,5,4/5/1981,1,True,11/17/2022
68,Makena Cox,"Camelot   Lane, 3298",5-062-124-5056,D6pAXRTF7X,Makena_Cox4508@jiman.org,0,9/14/1988,2,True,10/26/2022
69,Barry Moore,"Timothy  Pass, 9060",1-137-860-2141,uV86Myt2nd,Barry_Moore4294@brety.org,2,2/16/2016,0,False,7/26/2022
70,Maia Kirby,"Lake Alley, 5933",3-573-480-1623,RyFasZ54m3,Maia_Kirby8193@deons.tech,2,11/23/1976,0,False,5/28/2022
71,Noah Speed,"Glenwood Lane, 8949",1-548-306-4607,JjcqldbP8z,Noah_Speed9171@famism.biz,0,3/1/1979,2,False,6/4/2022
72,Zara Jenkin,"Clarks  Road, 608",7-530-786-1553,IG4ESkZsUa,Zara_Jenkin2257@vetan.org,1,2/27/2020,0,True,7/3/2022
73,Doris Nelson,"Maple Street, 2169",2-482-008-1815,6drnkCKFG0,Doris_Nelson2162@twace.org,1,4/26/1987,2,False,11/7/2022
74,Chuck Wigley,"King Edward  Vale, 9534",7-858-627-6451,U4FWEUv75Q,Chuck_Wigley226@joiniaa.com,0,10/16/1987,1,False,7/9/2022
75,Cedrick Fisher,"Westcott  Route, 120",3-031-646-1185,hXNqxiikrk,Cedrick_Fisher8200@famism.biz,6,1/30/1986,2,False,8/21/2022
76,Sonya Snell,"Badric  Tunnel, 8926",3-576-063-7443,CmqZh9dzVJ,Sonya_Snell9167@bretoux.com,4,4/10/1997,1,False,6/6/2022
77,Aileen Clark,"Fairview Lane, 5587",0-422-134-6402,Kb6udRLJdk,Aileen_Clark9048@tonsy.org,0,6/24/1987,1,False,9/14/2022
78,Ivy James,"Chambers  Hill, 1070",0-485-187-2876,xNa8LSS9En,Ivy_James5501@twipet.com,0,9/7/1994,2,False,11/28/2022
79,Livia Walsh,"Castle Walk, 3576",2-485-663-1203,UAdcfLxIlY,Livia_Walsh6723@iatim.tech,6,6/23/2019,0,False,6/14/2022
80,Celina Robinson,"Glenwood Route, 7122",1-375-642-1588,MbM8iyHnSl,Celina_Robinson2344@nanoff.biz,3,7/6/2016,1,False,12/16/2022
81,Stella Tyler,"Canon Street, 4022",1-850-882-2523,bEFG8QZtCr,Stella_Tyler9182@grannar.com,2,3/14/2021,2,False,10/29/2022
82,Benjamin Lee,"Carltoun   Avenue, 9021",3-463-843-3236,ZRIqNbSGeN,Benjamin_Lee2698@irrepsy.com,4,2/14/1998,2,False,7/20/2022
83,Chester Mullins,"Biggerstaff   Route, 4833",0-363-234-7481,V8CqGFCyU9,Chester_Mullins5873@joiniaa.com,5,9/25/1974,1,False,5/1/2022
84,Mike Speed,"Pine Route, 2042",0-628-281-7150,KXEeaB1Svx,Mike_Speed660@ubusive.com,0,5/19/2019,1,False,9/7/2022
85,Stacy Smith,"Union  Hill, 1036",2-628-477-7106,rwkY9WRCWh,Stacy_Smith8452@jiman.org,1,9/23/1971,2,False,6/3/2022
86,Aeris Dale,"Camelot   Hill, 1173",0-524-172-0128,AYKjdaE2ZU,Aeris_Dale1038@yahoo.com,6,12/15/2016,0,False,6/26/2022
87,Noah Myatt,"Champion  Alley, 2076",7-354-211-1586,qiIw7lSn8c,Noah_Myatt6522@bungar.biz,6,5/12/1973,2,False,11/26/2022
88,Piper Amstead,"Bellenden   Rue, 7668",8-181-543-5122,TFHuLeoaS2,Piper_Amstead7209@jiman.org,6,12/18/1975,1,False,8/11/2022
89,Megan Weldon,"Becklow  Tunnel, 5140",5-535-345-7833,3GW2P69Do0,Megan_Weldon4968@dionrab.com,1,3/18/2017,0,False,8/25/2022
90,Zara Judd,"Timothy  Way, 5685",3-781-448-2862,srnpGiGoI2,Zara_Judd4161@sheye.org,2,12/6/2017,2,False,11/30/2022
91,Matt Sinclair,"Chester      Walk, 3825",2-322-260-6256,QDbq5EkPw8,Matt_Sinclair7961@vetan.org,2,11/10/2016,0,False,9/20/2022
92,Shannon Harrison,"Monroe Vale, 1513",6-780-851-8738,5pAZcv1aKb,Shannon_Harrison8011@joiniaa.com,4,8/4/1970,1,False,10/25/2022
93,Chester Ballard,"Magnolia Grove, 2905",7-338-658-2736,UAAr1ZUD2p,Chester_Ballard4140@supunk.biz,4,3/23/2005,2,False,9/20/2022
94,Miley Franks,"Rosewood Lane, 3602",0-581-435-3326,hdhmc9zOYI,Miley_Franks4183@elnee.tech,4,8/30/2014,2,False,8/28/2022
95,Tyler Rogers,"King William  Vale, 2729",6-015-406-8470,iQeNnLRQ8g,Tyler_Rogers7643@deavo.com,5,10/11/2008,2,False,12/17/2022
96,Andie Crawley,"Ashley Vale, 8160",6-837-485-8417,O9Ju4YZ5o5,Andie_Crawley9653@tonsy.org,6,7/26/2016,2,False,8/6/2022
97,Meredith Sanchez,"Edwin   Tunnel, 8064",1-124-666-4175,zzd2xxY8JE,Meredith_Sanchez3172@tonsy.org,2,11/1/2010,2,False,8/30/2022
98,Enoch Aldridge,"Virginia Street, 1793",5-208-455-6536,B0Ft48AuRn,Enoch_Aldridge1722@mafthy.com,6,10/15/1985,0,False,5/31/2022
99,Abdul Jenkins,"Meadow Pass, 2125",7-384-446-0347,o46hdsHpc4,Abdul_Jenkins8734@muall.tech,3,4/20/1985,1,False,10/16/2022
100,Sebastian Mason,"King Avenue, 8200",3-524-242-1200,FiRT7thO1n,Sebastian_Mason6645@corti.com,2,7/18/2013,1,False,7/11/2022
101,Carmen Khan,"Blackheath  Vale, 8240",3-575-851-8244,o0oLrF4qSE,Carmen_Khan8607@deavo.com,6,12/22/2007,0,False,8/12/2022
102,Marie Thomas,"Cliff  Avenue, 2350",7-310-757-8532,nbzug5yzgG,Marie_Thomas5088@naiker.biz,1,9/5/1972,0,False,11/18/2022
103,Selena Eddison,"Erindale Street, 848",5-407-671-5580,DF7ITn393Y,Selena_Eddison3654@bauros.biz,3,7/30/1999,1,False,11/12/2022
104,Diane Partridge,"Abbey   Avenue, 2581",6-672-060-4210,zqRqOxjOok,Diane_Partridge1685@gembat.biz,3,9/28/1977,0,False,11/23/2022
105,Julian Price,"Lexington Route, 7973",0-661-085-3066,3v0picOFPV,Julian_Price7109@joiniaa.com,5,11/6/1986,0,False,10/6/2022
106,Rocco Vaughan,"Jackson Grove, 1805",2-023-787-4052,VaIbUV62sg,Rocco_Vaughan5973@liret.org,0,8/2/1972,0,False,5/18/2022
107,Parker Carter,"Carltoun   Lane, 3764",4-884-627-0824,iJtoq0KRUN,Parker_Carter5497@ubusive.com,1,10/30/1997,0,False,12/4/2022
108,Martin Stewart,"Paris   Grove, 7493",5-638-342-0223,QwlJ6is91t,Martin_Stewart3264@zorer.org,5,4/18/1991,1,False,12/30/2022
109,Michael Pitt,"Andrews  Walk, 150",4-427-654-3320,7siBTxggK8,Michael_Pitt6467@cispeto.com,1,4/17/1985,2,False,10/28/2022
110,Celina Hewitt,"Besson  Alley, 7853",6-122-803-1436,q3nC2BBjbG,Celina_Hewitt2254@corti.com,5,3/20/1998,0,False,7/1/2022
111,Rosa White,"Geffrye   Boulevard, 2583",7-264-702-2841,CaoqfnjrB8,Rosa_White7002@infotech44.tech,4,8/12/1976,0,False,9/10/2022
112,Stephanie Knight,"Church Crossroad, 4831",5-776-513-6081,vjRRJWCZ5y,Stephanie_Knight1124@dionrab.com,5,4/20/2017,0,False,5/4/2022
113,Valerie Oatway,"Balham   Road, 9134",5-402-071-4033,bi5phsF1N3,Valerie_Oatway2615@deavo.com,1,11/14/2017,2,False,7/3/2022
114,Noemi Dann,"Chandos  Rue, 1271",2-705-451-6474,yTyATv7Vgs,Noemi_Dann7952@grannar.com,6,5/18/1978,1,False,9/7/2022
115,Bart Martin,"Caedmon  Rue, 3469",3-270-547-1405,CcKYdTGeOI,Bart_Martin694@tonsy.org,1,11/11/1985,2,False,5/29/2022
116,Hope Asher,"Beechen  Route, 7147",3-254-644-2346,GhZNSFmvAB,Hope_Asher2659@ubusive.com,3,3/10/2018,0,False,9/2/2022
117,Cedrick Roberts,"Abourne   Grove, 8118",1-123-201-8773,VsWqI4Em6v,Cedrick_Roberts71@gembat.biz,2,7/19/2019,1,False,11/15/2022
118,Clarissa Upton,"Adderley   Tunnel, 9055",5-751-511-3068,aBeDH80dVn,Clarissa_Upton4187@bretoux.com,3,1/17/1972,1,False,5/28/2022
119,Daniel Stewart,"Coborn  Walk, 7898",7-068-333-6867,Ka4QOhLHoA,Daniel_Stewart3506@zorer.org,1,2/7/2000,0,False,11/4/2022
120,Tiffany Alexander,"Baynes  Vale, 6510",4-476-085-7403,K5IwaJbUXv,Tiffany_Alexander1069@cispeto.com,5,6/8/2021,1,False,8/28/2022
121,George Woodcock,"Berriman  Street, 6399",3-671-658-8814,SEu3Z6GuFy,George_Woodcock8315@womeona.net,5,5/24/1999,2,False,12/17/2022
122,Agnes Lee,"Cheltenham  Road, 3844",8-171-110-2565,XWIzhNCkfd,Agnes_Lee5252@bungar.biz,4,5/18/1980,2,False,6/8/2022
123,Rick Cobb,"Cato   Way, 3760",1-772-556-0747,Mve3ZRMAvG,Rick_Cobb6653@gompie.com,5,2/20/2000,2,False,9/17/2022
124,Ron Stanley,"Emden   Road, 6400",6-842-087-5462,vT0QgOKqkQ,Ron_Stanley6691@deons.tech,4,12/7/2016,0,False,11/4/2022
125,Livia Robertson,"Lincoln Rue, 6295",1-642-775-5873,d8bXF43WIK,Livia_Robertson2556@joiniaa.com,1,12/25/2019,2,False,8/3/2022
126,George Seymour,"Bush  Pass, 913",3-153-725-6881,O7gc7RSTKN,George_Seymour6202@bauros.biz,5,3/13/1992,0,False,12/17/2022
127,Maggie Lakey,"Rivervalley Grove, 6688",0-788-818-8532,0fl2tcz5PT,Maggie_Lakey7100@nimogy.biz,1,7/28/2021,2,False,7/17/2022
128,Summer Newman,"Aspen Crossroad, 2743",5-025-505-4304,yHMWXKx4zC,Summer_Newman2781@liret.org,0,7/28/1975,1,False,5/18/2022
129,Daron Gray,"Coborn  Way, 8838",4-526-840-5261,15BOSwOggG,Daron_Gray7336@fuliss.net,6,8/2/2020,1,False,12/30/2022
130,Elise Nielson,"Cavendish Alley, 6023",8-357-216-8334,IhEwxiZuEp,Elise_Nielson6309@twace.org,1,1/26/2007,2,False,7/13/2022
131,Matthew Ralph,"Parkfields Hill, 7626",2-701-475-0248,kvC5SNVGPg,Matthew_Ralph7674@eirey.tech,4,10/9/1974,1,False,10/2/2022
132,Sienna Mason,"Chatsworth  Rue, 8563",4-552-764-0824,yGTOdmWBTz,Sienna_Mason9694@vetan.org,1,3/4/2015,0,False,10/22/2022
133,Louise Huggins,"Maple Crossroad, 3777",6-851-472-4631,N8WBg7bWR8,Louise_Huggins7206@qater.org,6,10/13/1999,1,False,7/27/2022
134,Maria Stone ,"Rivervalley Rue, 484",2-107-842-2128,oohYAFunNp,Maria_Stone 4082@extex.org,3,3/9/1970,2,False,6/12/2022
135,Mike Flynn,"Chatsworth  Lane, 752",0-752-268-0257,lvdX3Mk0Vy,Mike_Flynn9032@cispeto.com,0,11/12/1972,1,False,7/21/2022
136,Harvey Gonzales,"Bendall   Vale, 3040",5-602-357-2805,FKlPKVjQ0x,Harvey_Gonzales5944@kideod.biz,4,1/23/1982,0,False,5/29/2022
137,Leah Savage,"Burton  Rue, 4776",6-534-028-1284,MZUfDNb9qw,Leah_Savage5697@ovock.tech,2,3/19/2021,2,False,7/23/2022
138,Laila Lowe,"Abbey   Way, 9849",6-583-081-0058,XR9qGoCd9j,Laila_Lowe2950@bretoux.com,1,11/29/2002,0,False,11/30/2022
139,Elijah Jackson,"Elba  Tunnel, 710",8-552-187-7004,IflZdQrtpk,Elijah_Jackson5115@ovock.tech,5,6/9/2010,0,False,8/14/2022
140,Ronald Knight,"Bishop   Road, 6644",5-340-766-2538,71ldZn1deb,Ronald_Knight5194@naiker.biz,4,7/12/2003,1,False,11/5/2022
141,Rylee Nielson,"Mariner   Lane, 313",8-255-441-1853,0jgOGn4bTX,Rylee_Nielson6157@deavo.com,1,5/8/2004,1,False,8/10/2022
142,Kenzie Yarwood,"Queensberry  Alley, 1722",2-117-085-1784,FaloWkcAyM,Kenzie_Yarwood3831@vetan.org,4,7/21/1982,0,False,6/30/2022
143,Doris Murphy,"Pine Vale, 7253",0-085-723-2715,YIP83ljnbB,Doris_Murphy5027@nanoff.biz,5,9/17/2006,1,False,12/11/2022
144,David Fulton,"Besson  Walk, 9119",2-537-473-5215,1Ksrk5N3xE,David_Fulton1857@bauros.biz,2,8/7/1982,1,False,8/27/2022
145,Chad Mcnally,"Buttonwood Tunnel, 8463",5-573-805-5511,MG9zEzBlrv,Chad_Mcnally5196@dionrab.com,2,5/17/2004,1,False,8/12/2022
146,Lillian Talbot,"Emily  Route, 1807",1-423-624-7815,ItiEHlbv59,Lillian_Talbot1413@famism.biz,2,1/5/2007,2,False,10/30/2022
147,John Ebden,"Bendall   Pass, 3732",4-243-527-3807,2hdLEb6qFC,John_Ebden4355@ovock.tech,3,7/18/1989,0,False,11/30/2022
148,Olivia Russell,"Abourne   Rue, 4248",6-707-578-1237,T9pUDUECgv,Olivia_Russell5373@acrit.org,1,1/9/1978,0,False,8/27/2022
149,Rebecca Wheeler,"Arctic   Crossroad, 5093",1-305-858-0033,flLoMd3psp,Rebecca_Wheeler8191@sveldo.biz,5,12/10/2017,0,False,10/17/2022
150,Alma Brown,"Bingham   Street, 5901",8-105-081-0516,cdIzUPVu5e,Alma_Brown2095@nimogy.biz,6,8/30/2005,2,False,11/2/2022
151,Martha Davies,"Archery  Rue, 9466",7-011-326-0601,G5RGtdG84p,Martha_Davies936@liret.org,2,5/8/1989,1,False,9/19/2022
152,Julianna Allington,"Bolton  Way, 4521",4-236-157-3800,ndtRvwxzbb,Julianna_Allington3360@deavo.com,2,6/30/1994,0,False,10/8/2022
153,Jack Harrison,"Lake Street, 7186",0-332-282-8426,RpJAHfCSvO,Jack_Harrison7317@nanoff.biz,2,3/25/1990,0,False,5/19/2022
154,Ally Waterson,"Argyle  Road, 5269",0-458-832-3438,oLcdUNG5Rz,Ally_Waterson3581@nimogy.biz,4,1/25/1981,2,False,6/20/2022
155,Mike Dwyer,"Bede  Boulevard, 159",6-638-831-0507,ydurqv6tmo,Mike_Dwyer7756@mafthy.com,4,7/24/1977,2,False,6/23/2022
156,Rhea Ward,"West Pass, 7860",2-586-035-2000,KetW5J0vHw,Rhea_Ward7141@acrit.org,6,10/10/2012,0,False,11/1/2022
157,Estrella Yarwood,"Spruce Avenue, 7474",1-336-604-0458,EAn9fP95PV,Estrella_Yarwood855@dionrab.com,3,12/28/1984,1,False,5/20/2022
158,Luke Wheeler,"Shepherds  Tunnel, 7766",2-004-668-4876,15OZES4ZnD,Luke_Wheeler9812@nimogy.biz,1,4/1/1999,2,False,6/6/2022
159,Mara Lloyd,"Castile  Pass, 6028",0-354-413-1571,bPmtVVx9F8,Mara_Lloyd27@zorer.org,2,1/17/2008,0,False,12/30/2022
160,Rick Ashwell,"Bazely   Rue, 3488",2-537-463-1358,RinnDiNtXE,Rick_Ashwell5830@typill.biz,3,5/19/2016,0,False,12/17/2022
161,Nathan Stanley,"Cavaye  Lane, 237",7-036-061-4140,LeSQpvz3Gb,Nathan_Stanley9097@deons.tech,2,8/15/2003,2,False,8/8/2022
162,Gil Jennson,"Egerton  Grove, 1700",1-624-065-7315,zLxj55EEOi,Gil_Jennson2914@bauros.biz,6,5/1/1976,2,False,8/19/2022
163,Jenna Snell,"Bekesbourne   Street, 8761",2-245-552-4151,JBLl18UXe3,Jenna_Snell8172@dionrab.com,1,10/30/2007,2,False,7/6/2022
164,Alan Kennedy,"Chestnut  Tunnel, 5361",2-351-025-1106,TMt8bPY3rJ,Alan_Kennedy8246@nickia.com,1,3/5/1988,0,False,5/29/2022
165,Michael Bryson,"Lincoln Alley, 4200",2-136-081-0248,VNkXcqYwP9,Michael_Bryson8308@fuliss.net,5,3/23/2021,1,False,7/10/2022
166,Anthony Edwards,"Cingworth  Street, 3936",6-155-365-4467,vJ1abMkvLp,Anthony_Edwards7638@grannar.com,5,2/5/1983,0,False,12/25/2022
167,Shelby Kelly,"Glenwood Route, 2123",2-787-541-3086,3KAs5pyZsr,Shelby_Kelly9012@bretoux.com,0,9/21/2009,0,False,6/22/2022
168,Marigold Ballard,"Becklow  Street, 7253",4-561-605-1650,a6nfWf0Cc7,Marigold_Ballard3843@sveldo.biz,2,12/17/2009,0,False,5/13/2022
169,Bart Ianson,"Arctic   Route, 6750",4-306-578-5043,BtvvIhSZua,Bart_Ianson9795@sveldo.biz,5,4/17/2000,1,False,6/7/2022
170,Oliver Smith,"Union  Crossroad, 9689",0-054-401-7804,5smPhPQGV7,Oliver_Smith6437@twace.org,3,5/20/1990,2,False,11/24/2022
171,Denny Robinson,"Queen Boulevard, 5471",0-033-825-7133,BUdAW6AJie,Denny_Robinson8051@extex.org,5,10/17/1979,2,False,6/1/2022
172,Iris Ellis,"Glenwood Way, 1621",2-623-777-8333,YZtDOBjOjv,Iris_Ellis3751@extex.org,1,7/20/1984,0,False,5/15/2022
173,Erick Cameron,"Carlton  Drive, 3583",5-474-462-2408,tcBY5rBIHw,Erick_Cameron9963@typill.biz,2,9/24/1986,1,False,10/13/2022
174,Jayden Addison,"Vine  Pass, 5485",3-720-126-3530,gczjmpfKRt,Jayden_Addison8560@sheye.org,1,1/15/1991,0,False,8/7/2022
175,Chuck Vallory,"Kilner   Street, 30",3-571-118-6235,AUdyhCDqqL,Chuck_Vallory1833@twipet.com,3,1/5/2019,0,False,12/8/2022
176,Roger Gates,"Cadogan  Alley, 2436",4-326-437-7618,oBeyOUULO4,Roger_Gates1207@nickia.com,4,3/22/1993,1,False,9/2/2022
177,Rocco Vincent,"Carlton  Drive, 5409",0-408-528-7356,rb1UWrjQ1s,Rocco_Vincent7144@tonsy.org,0,12/14/2004,0,False,7/20/2022
178,Nick Leslie,"Clissold  Road, 1857",6-778-878-0071,UTGzUQEQHj,Nick_Leslie3383@grannar.com,2,7/24/1985,2,False,7/24/2022
179,Manuel Mann,"Camberwell  Road, 8641",5-543-783-2771,6d6mXTbq8c,Manuel_Mann1568@elnee.tech,1,12/5/1995,2,False,8/11/2022
180,Chuck Carson,"Egerton  Avenue, 2977",5-087-634-5464,cfDYaKO6qL,Chuck_Carson2002@bretoux.com,5,11/4/1992,1,False,9/4/2022
181,Lara Crawford,"Dunton  Hill, 903",6-261-384-8807,mJxHWvIXhe,Lara_Crawford4177@atink.com,5,3/7/1983,1,False,7/1/2022
182,Melania Poole,"St. Jamess  Route, 4751",5-802-780-1205,CNBlQF55Hc,Melania_Poole4244@bretoux.com,6,1/16/2014,2,False,12/14/2022
183,Luna Isaac,"Woodland Road, 3568",2-375-313-5267,fMQAJnFdk6,Luna_Isaac7737@gmail.com,0,5/23/1976,0,False,12/11/2022
184,Percy Bryant,"Champion  Hill, 6376",7-200-234-4878,PVZZd8uda3,Percy_Bryant428@gompie.com,1,4/17/2013,1,False,9/20/2022
185,Benjamin Selby,"Bletchley   Walk, 6920",4-732-158-4131,zPJt0uzNr1,Benjamin_Selby8344@deons.tech,6,5/20/1981,2,False,10/27/2022
186,Tyler Kelly,"East Road, 1668",6-048-665-3077,4GGzpuaDI4,Tyler_Kelly3825@naiker.biz,2,3/4/2005,0,False,6/23/2022
187,Drew Judd,"Enderby   Street, 4627",3-337-875-7822,MP4QUQGSS2,Drew_Judd1762@twace.org,2,5/13/2003,0,False,7/14/2022
188,Vera Asher,"Thoresby   Grove, 8418",8-048-301-7754,Qx4kKQ9Ndr,Vera_Asher4994@brety.org,6,4/22/2019,0,False,7/28/2022
189,Denis Wright,"Elystan  Road, 6194",2-224-407-2052,9r7IZSmCsB,Denis_Wright5310@bauros.biz,0,10/13/1984,1,False,9/7/2022
190,Chad Tennant,"Bales  Route, 9105",7-654-435-6284,BHUkrfOLUZ,Chad_Tennant5084@bauros.biz,1,8/8/1974,2,False,6/14/2022
191,Nicholas Kerr,"Blenkarne  Avenue, 9064",4-805-148-5048,AEDeS6YZYU,Nicholas_Kerr5294@infotech44.tech,4,6/9/2011,1,False,11/21/2022
192,Peter Gordon,"Clarks  Alley, 5747",1-301-618-1553,czIjB7Xvqt,Peter_Gordon9969@tonsy.org,5,7/11/2006,0,False,11/13/2022
193,Cedrick Poole,"Bethwin  Crossroad, 6156",4-537-833-5664,HaX0IPWdF2,Cedrick_Poole1928@bulaffy.com,4,6/26/2011,2,False,9/20/2022
194,Marvin Scott,"Cheltenham  Crossroad, 3266",2-604-462-8815,ESwtVpvBSO,Marvin_Scott4355@nimogy.biz,0,6/23/1979,0,False,9/1/2022
195,Charlize Alldridge,"Marischal  Alley, 1056",2-186-047-6374,0UgFxDCTKE,Charlize_Alldridge323@deavo.com,2,8/13/2002,2,False,6/23/2022
196,Moira Murphy,"Sherwood  Road, 6696",4-873-255-0000,FF5CQcrHR8,Moira_Murphy7335@naiker.biz,5,9/19/2000,1,False,7/28/2022
197,Ethan Hepburn,"Arthur  Alley, 9678",1-407-411-6865,uztrsHE0Bd,Ethan_Hepburn1666@irrepsy.com,0,2/14/2006,0,False,5/28/2022
198,Chad Atkinson,"Eldon  Tunnel, 4503",0-347-352-2800,EbCeBDBLhF,Chad_Atkinson7319@grannar.com,0,6/22/2002,1,False,5/15/2022
199,Deborah Atkinson,"Beatty  Way, 718",6-641-706-5503,mstWS2dLBe,Deborah_Atkinson6035@nickia.com,4,3/23/2019,0,False,7/28/2022
200,Karla Reynolds,"Belgrave  Street, 5863",6-405-734-0061,LekjGEwP7u,Karla_Reynolds6670@womeona.net,1,8/19/2006,2,False,5/13/2022

