ID,Name,Address,Phone,WeChat,Email,Profession,Birth,Risk,hasDDL,Deadline
1,Bryon Wright,"Balham   Alley, 8350",2-646-615-1568,93w3KSQICi,Bryon_Wright9460@ovock.tech,0,4/29/1990,1,True,7/22/2022
2,Angela May,"Clerkenwell Road, 8763",4-806-806-0740,0DCRRwhWjj,Angela_May9306@nimogy.biz,2,2/5/1989,0,False,7/27/2022
3,Mason Ballard,"Parkfields Road, 3141",3-578-145-8531,Q1bTlMpXrD,Mason_Ballard7107@guentu.biz,6,6/18/1976,1,True,8/9/2022
4,Chuck Barrett,"Hampden  Street, 8667",5-046-601-7884,MyTPor4zN4,Chuck_Barrett8503@supunk.biz,6,12/15/2019,0,True,8/31/2022
5,Eileen Oldfield,"Berriman  Street, 367",6-775-116-1742,M4A7wreyDU,Eileen_Oldfield3855@grannar.com,4,8/13/1990,0,False,8/6/2022
6,Livia Robe,"Hampden  Crossroad, 7447",7-506-024-3522,vTKrWPOPHc,Livia_Robe4673@ovock.tech,3,11/12/1977,1,False,11/8/2022
7,Amy Keys,"Aspen Hill, 911",4-268-052-4007,verSYlhiYw,Amy_Keys4061@bulaffy.com,5,5/27/1996,2,True,5/5/2022
8,Tony Thompson,"Kinglake  Avenue, 5230",3-003-804-8671,xSJTEZBbrf,Tony_Thompson148@womeona.net,1,9/30/1974,0,True,10/10/2022
9,Mavis Thornton,"Andsell    Pass, 4817",7-141-620-4756,rhwAYd3Ue7,Mavis_Thornton1212@bulaffy.com,4,3/17/1977,0,True,10/22/2022
10,Freya Buckley,"Meadow Route, 8683",3-444-380-2052,cJPguP1BMe,Freya_Buckley8260@gmail.com,2,9/12/2014,2,True,11/28/2022
11,Leanne Chapman,"Arbutus   Street, 1713",4-425-226-0400,pVLXiJKmmh,Leanne_Chapman4788@ubusive.com,2,11/23/2006,0,True,5/27/2022
12,Rosalie Bryant,"Ely  Alley, 5959",0-317-416-3052,cwjmBH24CU,Rosalie_Bryant754@bulaffy.com,2,4/5/2021,1,True,12/25/2022
13,Daphne Jenkin,"Angela   Walk, 5121",3-555-750-0258,q0BQ7du3RL,Daphne_Jenkin2626@qater.org,5,8/15/2000,2,False,10/13/2022
14,Boris Ebbs,"Longmoore   Way, 3352",1-827-324-0656,ljgULt183R,Boris_Ebbs2955@deons.tech,5,5/28/2021,1,True,8/29/2022
15,Quinn Dann,"Dunsley  Boulevard, 2936",3-283-700-4038,lWqC4ye0Lp,Quinn_Dann934@nickia.com,1,5/28/1976,1,True,6/13/2022
16,Kate Bolton,"Cliffords  Drive, 9018",1-038-477-4414,fLImPmvPPo,Kate_Bolton922@dionrab.com,0,10/23/1982,0,True,9/28/2022
17,Harry Rose,"Shepherds  Rue, 2371",6-842-554-3023,gcuPCAXuPy,Harry_Rose1147@ubusive.com,3,4/14/1998,0,False,9/10/2022
18,Isla Olson,"Bermondsey    Grove, 5843",7-557-505-6605,U4aanmCvPn,Isla_Olson2554@ubusive.com,0,7/11/2010,0,False,8/19/2022
19,Chester Moreno,"English   Crossroad, 4559",6-250-310-5570,iBJ6gTjCLo,Chester_Moreno2126@cispeto.com,0,9/13/1999,2,False,5/31/2022
20,Nathan Phillips,"Vincent  Way, 5607",3-773-481-7287,6doyducdE0,Nathan_Phillips3081@nimogy.biz,2,8/29/2008,1,True,11/22/2022
21,Hayden Gavin,"Queensberry  Way, 6632",1-540-315-4405,OygsFFfnhi,Hayden_Gavin4959@gembat.biz,4,8/4/1974,2,False,5/27/2022
22,Parker Gallacher,"Abourne   Lane, 5552",3-714-851-3666,1eEHoWz7mN,Parker_Gallacher6180@nickia.com,3,12/8/2020,1,True,7/11/2022
23,Julian Morrow,"Sundown Pass, 4768",5-421-121-6628,7rQVsJph3N,Julian_Morrow2162@hourpy.biz,2,11/8/1990,2,False,8/1/2022
24,Cynthia Penn,"Andsell    Route, 7325",8-523-426-3645,mJ1PXq3w09,Cynthia_Penn7050@bulaffy.com,2,11/28/2015,0,False,7/22/2022
25,Cameron Preston,"Bayberry Crossroad, 722",5-863-764-1158,erhuMr8dPb,Cameron_Preston5283@sveldo.biz,0,4/12/1977,2,True,8/20/2022
26,Gil Yarlett,"English   Avenue, 1124",6-605-678-6068,6BjnDykP3a,Gil_Yarlett1676@ubusive.com,3,9/10/1980,0,False,6/11/2022
27,Lily Thomson,"Bayberry Route, 2852",8-521-641-4012,bRlqjVbW3b,Lily_Thomson9589@kideod.biz,2,7/10/2001,0,True,9/6/2022
28,Rocco Lane,"Clavell   Walk, 6859",5-880-368-7683,FJg09J4fDD,Rocco_Lane5226@elnee.tech,1,9/4/2005,2,True,10/17/2022
29,Erica Pickard,"Meadow Drive, 8754",7-581-431-5186,8runEfsYdd,Erica_Pickard5907@tonsy.org,5,9/29/1982,0,True,12/21/2022
30,Victoria Buckley,"Linden Pass, 2394",7-516-163-8010,T8dZNZK2MA,Victoria_Buckley6625@elnee.tech,5,8/6/2021,1,False,9/10/2022
31,Maria Brown,"Fairfield  Way, 5211",7-430-257-4200,WZhOJJatRs,Maria_Brown3693@supunk.biz,6,3/8/2005,2,True,11/18/2022
32,Russel Rees,"Blackheath   Grove, 3366",0-474-117-4846,7tWycJiVgU,Russel_Rees9779@nickia.com,4,4/7/1981,0,False,12/11/2022
33,Hadley Walsh,"Lincoln Pass, 5000",0-783-771-1582,qF5AH0JODU,Hadley_Walsh7430@jiman.org,0,10/29/1999,0,True,12/14/2022
34,Russel Glass,"Buttonwood Crossroad, 3507",7-642-425-0303,XrpKQlvv02,Russel_Glass8746@extex.org,6,12/5/2020,1,True,5/11/2022
35,Selena Edler,"Canon Rue, 3453",2-880-254-1627,SjCcAqhRWW,Selena_Edler4141@vetan.org,5,8/21/1971,1,False,5/6/2022
36,Greta Brooks,"Monroe Rue, 4171",5-651-668-2318,rsS94THDbc,Greta_Brooks6894@muall.tech,1,9/27/1980,1,True,5/20/2022
37,Owen Dempsey,"Jackson Vale, 2861",7-732-527-7355,yzO74Da9bi,Owen_Dempsey7939@brety.org,6,7/22/1974,1,True,5/17/2022
38,Cameron Rothwell,"Cato   Hill, 8904",3-368-728-5875,ZZrtFIePZd,Cameron_Rothwell134@twipet.com,0,11/19/1997,2,True,9/27/2022
39,Macy Duvall,"Fairbairn  Road, 8230",1-186-654-2044,yFKZYFnXKa,Macy_Duvall9042@bungar.biz,3,5/23/1982,1,False,5/4/2022
40,Leroy Pierce,"Bacon  Boulevard, 8822",2-401-775-6650,bZ0YSRXb2F,Leroy_Pierce1891@iatim.tech,3,11/14/1993,2,False,7/16/2022
41,Cedrick Warren,"Longleigh   Rue, 4396",1-750-458-5088,rKcxC4fuub,Cedrick_Warren9859@deavo.com,3,5/2/1987,2,True,8/7/2022
42,Valerie Bryant,"Geary   Road, 8823",1-650-152-7688,Y849OLFq0a,Valerie_Bryant35@deavo.com,3,1/7/1996,2,True,8/22/2022
43,Samantha Thornton,"Bedford  Boulevard, 7156",2-210-405-7030,d5McNBFjvm,Samantha_Thornton1634@fuliss.net,0,12/9/1992,1,True,12/1/2022
44,Roger Rigg,"Calderwood   Road, 4838",7-113-583-2326,QEiFHTGjzF,Roger_Rigg4854@joiniaa.com,5,7/16/1998,1,True,8/11/2022
45,Mona Leslie,"Cockspur  Avenue, 4581",2-560-554-1736,rILYVxZzGP,Mona_Leslie4037@muall.tech,0,9/5/2016,1,True,5/26/2022
46,Marissa Gallacher,"Cato   Vale, 9322",0-401-561-8655,lxaM4AoLLa,Marissa_Gallacher4952@gompie.com,1,9/23/1987,2,True,9/12/2022
47,Samantha Jackson,"Angela   Grove, 1712",1-220-048-1853,JI8ff710gl,Samantha_Jackson1473@liret.org,5,10/2/1971,0,False,9/22/2022
48,Elena Moss,"Clyde Street, 8453",1-810-432-2356,cl4jDDiA1H,Elena_Moss71@typill.biz,2,6/10/1970,0,False,7/13/2022
49,Chloe Chadwick,"Garfield Street, 6325",7-146-618-2380,pgVtLKrDpc,Chloe_Chadwick1976@eirey.tech,0,10/17/1984,1,True,5/10/2022
50,Kieth Malone,"Cavell   Rue, 8810",8-560-258-2214,TGgKn2bcZT,Kieth_Malone3424@deavo.com,3,11/22/2015,0,True,10/9/2022
51,Belinda Mccormick,"Garfield Pass, 6457",3-423-467-7131,ElRjj5MNGU,Belinda_Mccormick7723@extex.org,3,6/23/1995,2,False,6/2/2022
52,Norah Benson,"Ashley Drive, 1538",3-488-554-6518,S6nTmgw6Ia,Norah_Benson8774@famism.biz,6,12/28/1982,0,True,9/15/2022
53,Melanie Waterhouse,"Howard Lane, 9012",7-525-376-0432,NU1teaErMM,Melanie_Waterhouse7116@irrepsy.com,6,7/20/2002,2,False,11/10/2022
54,Hayden Fox,"Wager   Grove, 4100",5-227-432-3223,uVtqJFb7Lv,Hayden_Fox8709@atink.com,0,11/18/2000,1,False,12/13/2022
55,Josh Mcleod,"Carnegie   Route, 2821",8-655-001-1307,HfOovKQRo8,Josh_Mcleod435@sheye.org,3,3/16/1986,0,False,10/26/2022
56,Alison Dyson,"Bolton  Lane, 5541",6-284-074-3576,KSuT36GVn5,Alison_Dyson769@ovock.tech,3,6/1/1989,2,True,8/22/2022
57,Anne Carpenter,"Badric  Route, 4994",8-633-051-2331,MIRmlTXHxt,Anne_Carpenter6223@kideod.biz,0,11/27/1986,2,True,11/4/2022
58,Daria Weston,"Viscount   Grove, 8028",0-745-424-0133,uJjvWOXDCu,Daria_Weston6244@cispeto.com,5,7/29/2001,1,False,12/16/2022
59,Anthony Lynch,"Amwell    Hill, 604",4-643-104-1020,ReZDcQq9Bw,Anthony_Lynch2574@joiniaa.com,5,11/8/1992,2,False,6/19/2022
60,Doug Smith,"Chicksand  Hill, 5835",8-313-352-4226,d0hRPWr7gL,Doug_Smith6851@jiman.org,2,9/20/1974,2,True,7/12/2022
61,Isabel Rowlands,"Antrobus   Route, 7790",3-355-164-2625,cJDYPE3PsK,Isabel_Rowlands7629@iatim.tech,1,6/9/2019,1,True,6/13/2022
62,Ema Dwyer,"Cobden  Vale, 3549",0-265-470-0073,K0plnsYqjW,Ema_Dwyer1126@typill.biz,6,5/27/1976,2,False,6/1/2022
63,Louise Collins,"Blore  Rue, 1165",4-235-403-5541,s7l98Z2bIp,Louise_Collins326@twace.org,3,7/28/2007,0,True,10/4/2022
64,Regina Weldon,"Clavell   Grove, 1089",8-433-334-1854,GlhbfM62gj,Regina_Weldon4846@mafthy.com,6,10/19/2014,1,True,7/6/2022
65,Marvin Stanley,"Calderwood   Road, 3041",4-203-140-1147,vU3hZ5ci6Z,Marvin_Stanley809@grannar.com,6,2/8/1990,0,True,11/27/2022
66,Brad Hogg,"Parkfields Walk, 3194",3-720-047-5771,LIH3YvEAw3,Brad_Hogg7982@qater.org,5,7/24/2004,2,False,12/26/2022
67,Benny Samuel,"Vine  Lane, 8703",4-044-063-6654,WMBam8bYsn,Benny_Samuel1118@deavo.com,3,12/30/2013,1,False,9/19/2022
68,Harvey Isaac,"Adelaide  Pass, 9839",0-101-654-5785,XGKOVX4nlI,Harvey_Isaac4508@nanoff.biz,2,11/2/1973,2,False,7/6/2022
69,Marjorie London,"Blake  Pass, 2229",8-806-611-0884,atJ0j6sIib,Marjorie_London4579@ovock.tech,1,4/6/2003,1,False,7/16/2022
70,Sebastian Lindop,"St. Pauls  Way, 8721",0-116-177-4515,TWMve71Duf,Sebastian_Lindop4483@grannar.com,1,10/31/2004,1,False,6/16/2022
71,Joyce Palmer,"Canon Alley, 7941",1-113-104-8512,ga1Wml9Ckj,Joyce_Palmer5574@famism.biz,6,10/7/2018,2,False,6/21/2022
72,Jacob Mills,"Biggerstaff   Road, 6589",0-263-260-2876,SLdNiGKZCy,Jacob_Mills3958@gembat.biz,1,5/12/2019,0,False,7/17/2022
73,Mackenzie Mould,"Paris   Rue, 2594",0-817-684-2002,IvA0pGeYu7,Mackenzie_Mould8923@yahoo.com,6,1/12/1998,2,False,10/10/2022
74,Juliet Nicholls,"Collins  Route, 298",0-311-615-8471,YS4TJ5SVei,Juliet_Nicholls7180@gmail.com,0,1/27/1992,0,False,8/26/2022
75,George Bell,"Falconberg   Street, 3481",5-320-720-5778,3A4dTBEs0j,George_Bell360@bungar.biz,3,1/14/1989,0,False,8/2/2022
76,Tony Hogg,"Cam  Street, 1583",6-061-056-1834,rKVvkeutc6,Tony_Hogg1683@supunk.biz,0,5/22/1994,0,False,12/1/2022
77,Eden Morrow,"Berry  Grove, 7754",5-107-167-6125,rgvMlmoqLx,Eden_Morrow7570@twace.org,3,10/6/1996,0,False,7/17/2022
78,Harvey Vass,"Hammersmith  Lane, 7845",0-077-612-0348,mFQ809cSay,Harvey_Vass2449@irrepsy.com,0,7/16/2019,2,False,8/22/2022
79,Madison Exton,"Cheltenham  Crossroad, 3297",4-727-265-0887,pRc7vjwzvv,Madison_Exton6664@atink.com,6,4/3/1970,0,False,12/3/2022
80,Lynn Cobb,"Unwin  Pass, 2557",2-358-576-2831,LgGi3oTxUz,Lynn_Cobb4641@bulaffy.com,5,6/2/1975,1,False,11/11/2022
81,Tara Kirby,"Hamilton  Route, 2066",1-526-061-4383,o2ZayezzXs,Tara_Kirby4427@deavo.com,6,9/29/2001,1,False,11/12/2022
82,Leroy Brooks,"Baylis  Rue, 4054",0-585-510-5167,PXAdt1PEwh,Leroy_Brooks1613@guentu.biz,1,9/21/1979,0,False,9/21/2022
83,Marvin Lloyd,"Arlington  Grove, 4648",2-478-240-8033,9J414qqZoZ,Marvin_Lloyd7241@gmail.com,6,11/26/1974,2,False,6/14/2022
84,Ramon Cox,"North Lane, 6424",7-717-650-2534,1rvDhLzzra,Ramon_Cox1258@tonsy.org,5,6/2/1983,1,False,9/13/2022
85,Ryan Khan,"Collingwood  Street, 4904",4-732-720-0487,gIMNsnZiGb,Ryan_Khan5678@hourpy.biz,4,2/15/2014,2,False,5/1/2022
86,Scarlett Collingwood,"Queen Lane, 9367",5-084-005-5508,IAGD6DscHP,Scarlett_Collingwood1306@deons.tech,0,1/25/2020,0,False,12/27/2022
87,Bryon Rogers,"Camdenhurst   Way, 8185",1-437-475-4224,BawqdA4e3H,Bryon_Rogers7660@mafthy.com,6,6/14/1975,1,False,7/28/2022
88,Courtney Potter,"Bazely   Avenue, 904",4-347-182-6802,p3srZ2cvVO,Courtney_Potter2411@bulaffy.com,3,4/5/2015,2,False,10/19/2022
89,Fred Ebden,"Camera  Pass, 1455",8-845-366-3848,TcL1Te64TC,Fred_Ebden5261@qater.org,0,11/9/1986,1,False,6/10/2022
90,Janice Fox,"King Edward  Street, 1774",0-473-032-1401,S2aGWEaP0Y,Janice_Fox2695@yahoo.com,6,6/29/1988,2,False,9/5/2022
91,Vera Groves,"English   Road, 9338",2-082-671-2402,VEUwxf38Mw,Vera_Groves4654@corti.com,6,9/2/1996,0,False,10/14/2022
92,Carmen Thorpe,"Longman   Vale, 4913",5-235-210-3840,whxJvk8ysU,Carmen_Thorpe640@sveldo.biz,6,5/1/1991,2,False,8/27/2022
93,Russel Herbert,"College  Rue, 3382",8-016-580-5176,V2bKhNaNlP,Russel_Herbert3280@brety.org,3,12/13/2020,0,False,10/3/2022
94,Alan Reyes,"Coalecroft  Boulevard, 5034",6-257-618-2202,rmFFnWptY1,Alan_Reyes9480@elnee.tech,3,2/5/1981,2,False,10/6/2022
95,Helen Kennedy,"Bennett  Walk, 8267",2-661-481-1307,Np5nu2HouF,Helen_Kennedy5410@mafthy.com,2,8/23/1991,0,False,12/7/2022
96,Barney Boden,"Arthur  Road, 2777",7-705-031-1010,mNBttKUsAU,Barney_Boden2192@extex.org,1,8/9/1980,2,False,9/7/2022
97,Dorothy Andersson,"Calvin   Boulevard, 9854",2-370-022-7138,3jA6n2vYpF,Dorothy_Andersson3637@gmail.com,3,1/15/2002,0,False,6/16/2022
98,Daniel James,"Aberavon  Vale, 9191",1-453-550-0322,vlq36DSbov,Daniel_James4169@brety.org,4,7/13/1980,0,False,6/29/2022
99,Liliana Gunn,"Sherwood  Lane, 9770",3-337-135-2767,GfcJru7N2s,Liliana_Gunn1978@naiker.biz,2,9/5/1970,0,False,6/14/2022
100,Dalia Roberts,"Armory  Grove, 7754",1-584-113-1277,xtCPNnB1yT,Dalia_Roberts4324@nanoff.biz,3,4/26/2000,0,False,10/19/2022
101,Penelope Pitt,"Virginia Street, 8693",8-872-333-3106,88mcuba7ba,Penelope_Pitt3924@infotech44.tech,3,12/6/1977,1,False,5/5/2022
102,Lucas Fisher,"Fairholt   Vale, 1937",3-371-168-8885,wSvbi6VHeH,Lucas_Fisher1046@fuliss.net,0,2/18/2022,2,False,6/3/2022
103,Tyler Pearce,"Ashley Boulevard, 4177",0-323-420-0424,QwoEOWxN0j,Tyler_Pearce9523@atink.com,6,8/31/2012,2,False,5/2/2022
104,Joseph Graham,"Under  Hill, 7548",1-133-576-5676,uif0DMXjWv,Joseph_Graham5745@acrit.org,1,11/30/1985,0,False,8/15/2022
105,Jack Malone,"Timothy  Boulevard, 9408",3-777-625-4734,aDL9mwQIUl,Jack_Malone6618@corti.com,2,3/16/1992,2,False,9/7/2022
106,Nicole Baldwin,"Sheffield Avenue, 520",5-726-606-0405,Qj9UsVcXst,Nicole_Baldwin5433@iatim.tech,3,11/25/2016,0,False,12/2/2022
107,Clarissa Bright,"Calverley  Way, 4144",2-457-628-0225,RKvTFJx0sn,Clarissa_Bright2399@zorer.org,2,12/15/1976,0,False,7/10/2022
108,Parker Preston,"Berry  Rue, 6282",1-218-450-0656,m33wDlMsUw,Parker_Preston4529@bauros.biz,5,9/13/2021,0,False,6/12/2022
109,Jaylene Steer,"Lincoln Drive, 5315",3-466-756-8136,sDW0piV5cK,Jaylene_Steer8704@nimogy.biz,5,5/30/1992,0,False,12/19/2022
110,Dalia Bowen,"Rivervalley Drive, 3275",2-408-343-6386,uAfWev7QhJ,Dalia_Bowen182@muall.tech,5,5/18/1992,1,False,12/10/2022
111,Julius Ballard,"Fawn Route, 9715",8-623-615-6745,xxZKQzQgT8,Julius_Ballard4678@acrit.org,6,2/10/1971,1,False,10/1/2022
112,Lorraine Connor,"Linden Road, 2256",3-608-816-8387,lOF9dYbUa0,Lorraine_Connor2213@supunk.biz,1,2/20/2013,2,False,9/15/2022
113,Analise Woods,"Baynes  Lane, 8975",5-384-707-4210,Q7lXKW3HY3,Analise_Woods2082@nanoff.biz,4,2/28/1987,0,False,5/15/2022
114,Peter Kelly,"Cliff  Boulevard, 8008",6-616-625-5867,gRgAWMUHdo,Peter_Kelly8553@twipet.com,3,2/1/1973,2,False,12/17/2022
115,Livia Leslie,"Lake Lane, 289",6-603-846-8342,3y0J4donui,Livia_Leslie490@zorer.org,0,10/18/2011,2,False,7/22/2022
116,Cedrick Booth,"Billing  Way, 5227",2-602-505-6165,W0Ids2Anek,Cedrick_Booth7714@deons.tech,3,12/22/1978,0,False,5/17/2022
117,Kurt Adams,"Chatfield  Route, 7497",7-261-287-2580,zOH6gpiDFl,Kurt_Adams9042@gompie.com,6,4/21/2004,1,False,11/2/2022
118,Florence Mitchell,"Ellerman   Tunnel, 1891",5-101-223-8181,ZkRI3o1gPp,Florence_Mitchell1484@muall.tech,6,1/13/1982,1,False,9/5/2022
119,Chris Graham,"Camelot   Rue, 4100",5-356-435-3676,IYBgfcK5dE,Chris_Graham532@corti.com,4,5/22/1992,2,False,5/22/2022
120,Alessandra Mason,"Blackpool  Route, 8834",1-755-733-2380,nfMVi47RLM,Alessandra_Mason9377@womeona.net,0,8/8/2007,1,False,12/12/2022
121,Leroy Brown,"Wadham  Pass, 389",0-838-546-0603,mpMpLRg3Yc,Leroy_Brown710@qater.org,0,8/26/2021,2,False,5/28/2022
122,Daron Bryant,"Ampton  Grove, 2714",6-842-727-5318,58Uk6DQ6Hk,Daron_Bryant2516@atink.com,4,4/13/2020,0,False,9/27/2022
123,Caleb Simpson,"English   Street, 6903",6-206-110-8522,SoVqfw0Wh4,Caleb_Simpson4245@womeona.net,6,4/14/1998,2,False,8/5/2022
124,John Nobbs,"Archery  Hill, 7805",2-467-120-6816,rKpwPwHJzT,John_Nobbs6812@gembat.biz,4,5/17/2013,2,False,7/29/2022
125,Russel Newman,"Glenwood Crossroad, 2316",2-135-263-3414,CStcmPK9YE,Russel_Newman6563@hourpy.biz,3,12/10/2008,1,False,9/19/2022
126,Ethan Torres,"Under  Tunnel, 1407",3-786-830-4151,esdKjT304Q,Ethan_Torres7856@infotech44.tech,1,8/17/2002,0,False,7/28/2022
127,Rebecca Warden,"Carpenter Way, 4110",3-747-103-6607,WwW2j1vDeh,Rebecca_Warden6415@elnee.tech,5,8/13/1983,1,False,11/19/2022
128,Sylvia Quinn,"Westbourne Road, 5380",0-050-307-4843,8FH2ucohhe,Sylvia_Quinn5000@bretoux.com,5,11/27/1980,2,False,7/1/2022
129,Martha Leslie,"Longmoore   Route, 2529",6-088-570-1568,poeDisy2t6,Martha_Leslie4894@nimogy.biz,3,5/25/1981,2,False,10/27/2022
130,Tyson Hancock,"Longmoore   Street, 3639",5-870-550-2476,McoTPXau5k,Tyson_Hancock5226@irrepsy.com,1,9/7/1971,2,False,12/19/2022
131,Estrella Weldon,"Canning  Crossroad, 6383",5-007-545-5850,KkRvFalCxK,Estrella_Weldon6570@gompie.com,5,3/3/2018,1,False,9/11/2022
132,Logan Ellwood,"Virginia Way, 4966",1-731-577-2605,GiEd9bP3M6,Logan_Ellwood7110@famism.biz,4,5/28/1970,0,False,10/8/2022
133,Bryon Hudson,"Bocking   Tunnel, 1378",5-214-641-4521,LvYiawsHTK,Bryon_Hudson3366@ubusive.com,3,2/23/1989,1,False,10/26/2022
134,Carol Morris,"Clyde Road, 5606",0-176-040-5825,hU67P6pJ0V,Carol_Morris1894@dionrab.com,3,8/10/1999,2,False,12/11/2022
135,Bart Nelson,"Carolina  Avenue, 9025",7-401-516-0736,zXKN2DUI5Q,Bart_Nelson47@hourpy.biz,0,12/1/1986,2,False,10/28/2022
136,Hayden Miller,"Fairholt   Lane, 3707",4-113-107-4338,Lejnyo30QW,Hayden_Miller8896@acrit.org,6,10/12/2002,0,False,10/21/2022
137,Savannah Neville,"Elgood   Drive, 2373",3-233-847-5511,RDoAjyVwta,Savannah_Neville7500@supunk.biz,6,11/6/2003,0,False,5/6/2022
138,Gil Hopkinson,"Kinglake  Drive, 734",5-048-130-6672,boOyq4brFv,Gil_Hopkinson1171@corti.com,0,11/28/1979,2,False,6/1/2022
139,Lara Taylor,"Norland  Crossroad, 2149",6-082-255-6711,AS0SbibtIE,Lara_Taylor6426@bulaffy.com,5,10/22/2008,0,False,8/20/2022
140,Mandy Murphy,"Capeners  Walk, 6165",3-656-714-4367,xssIGHKfwg,Mandy_Murphy6093@vetan.org,2,4/7/2005,1,False,7/13/2022
141,Alma Windsor,"Westcott  Road, 6190",8-443-556-7325,9tCGzDRBFs,Alma_Windsor6995@yahoo.com,5,1/2/1992,0,False,5/27/2022
142,Ronald Mcguire,"Badric  Walk, 117",8-442-825-5073,sL44Pdr5Ef,Ronald_Mcguire1239@qater.org,4,8/3/1977,0,False,11/4/2022
143,Natalie Bullock,"Carol   Lane, 1093",8-551-336-2854,WVsf1q2GOd,Natalie_Bullock7141@supunk.biz,6,8/2/1974,2,False,5/8/2022
144,Helen Simpson,"Unwin  Street, 7533",8-575-533-6424,VqpnOKoF0K,Helen_Simpson5695@kideod.biz,1,7/2/1998,1,False,7/15/2022
145,Vicky Thomson,"Becklow  Boulevard, 6809",1-454-260-1176,3kWkZImFt0,Vicky_Thomson9007@nanoff.biz,6,10/10/2019,1,False,8/6/2022
146,Danny Daniells,"Littlebury  Road, 8694",7-336-733-2676,NqmzNSsjv9,Danny_Daniells6649@brety.org,3,9/8/1994,1,False,8/29/2022
147,Havana West,"Union  Vale, 5379",0-355-816-6543,LUP2Kr4Qcy,Havana_West2348@nimogy.biz,6,8/17/1988,2,False,10/11/2022
148,Benjamin Bloom,"Garfield Grove, 2929",5-851-427-3366,nKpsyqrMbi,Benjamin_Bloom2624@infotech44.tech,1,1/19/2014,1,False,5/21/2022
149,Daniel Myatt,"Blomfield  Route, 564",5-218-606-8288,Y7BtW5cQ5r,Daniel_Myatt5824@typill.biz,0,10/1/2003,2,False,6/19/2022
150,Mark Vass,"Bond Avenue, 8163",7-585-265-3248,JScVEcCVdz,Mark_Vass4972@deons.tech,3,12/5/2005,0,False,6/26/2022
151,Tyler Irving,"Coal Wharf  Walk, 9539",5-683-707-7767,Fo99Vib8dl,Tyler_Irving7389@tonsy.org,5,11/13/1981,1,False,8/22/2022
152,Makenzie Butler,"Buttonwood Pass, 6375",0-204-512-8464,KKTV4kJJv2,Makenzie_Butler9715@kideod.biz,3,5/25/1982,0,False,11/15/2022
153,Nate Clifton,"Liverpool  Street, 922",6-135-721-8084,Xi7uDxfSGS,Nate_Clifton372@typill.biz,3,7/5/2018,2,False,6/15/2022
154,Tess Rossi,"Bacton   Pass, 9451",3-822-432-6534,MVGxsWzrJz,Tess_Rossi2961@dionrab.com,0,7/21/2008,2,False,8/19/2022
155,Lorraine Shaw,"Clifton  Alley, 4899",3-624-485-7223,vHiGEyMf5B,Lorraine_Shaw8015@typill.biz,3,2/25/2019,1,False,12/6/2022
156,Marvin Shelton,"Dunton  Hill, 7559",8-425-667-2255,mEJci2uh2k,Marvin_Shelton5828@corti.com,6,1/12/1991,2,False,5/11/2022
157,Jamie Norton,"Elizabeth  Walk, 2593",6-166-726-5622,RDrKWCVOJp,Jamie_Norton9600@cispeto.com,1,2/14/2002,0,False,12/24/2022
158,Ivette Sloan,"Angrave    Alley, 1200",7-314-661-8553,N6okvodFbR,Ivette_Sloan3895@joiniaa.com,5,10/4/1984,1,False,9/10/2022
159,Elisabeth Allwood,"Besson  Way, 8468",1-065-466-2637,WrmzcAWNGa,Elisabeth_Allwood3660@supunk.biz,5,2/16/1973,0,False,12/16/2022
160,Dorothy Wood,"Chart   Tunnel, 5356",7-001-814-6272,cxeZ0r4gVy,Dorothy_Wood9322@infotech44.tech,2,10/30/1993,1,False,11/15/2022
161,Nathan Brennan,"Belmont Park Crossroad, 8780",5-244-047-3734,sT4s3Ewqyr,Nathan_Brennan992@twipet.com,4,10/28/1972,0,False,9/20/2022
162,George Ashwell,"Blake  Street, 9703",2-058-007-1832,dhELh72ZBJ,George_Ashwell7275@nanoff.biz,5,1/19/2012,0,False,8/30/2022
163,Harry Griffiths,"Bloomsbury  Hill, 9634",2-117-608-8415,fFMzj5yLDZ,Harry_Griffiths1785@fuliss.net,5,5/27/2016,1,False,5/16/2022
164,Matt Rosenbloom,"Belgrave  Alley, 7016",1-610-584-3885,oHeiDHX58K,Matt_Rosenbloom830@joiniaa.com,6,3/8/1975,1,False,5/3/2022
165,Olivia Morrison,"Lake Street, 9044",2-585-834-7868,LaGgDRV6lx,Olivia_Morrison8336@infotech44.tech,0,3/31/2018,1,False,5/21/2022
166,Harry Nobbs,"Apollo  Drive, 6960",3-365-871-5873,mClGal0rzd,Harry_Nobbs8680@jiman.org,0,12/27/2004,1,False,12/9/2022
167,Alessia Rivers,"Bletchley   Street, 1030",8-266-340-4828,SFGOjFr8Iw,Alessia_Rivers7577@liret.org,0,4/29/2019,1,False,7/23/2022
168,Kenzie Miller,"Magnolia Way, 2095",5-440-853-2053,XVCTLFpwcO,Kenzie_Miller3195@sveldo.biz,1,3/21/2020,0,False,8/6/2022
169,Stacy Cann,"Carlisle  Alley, 3292",4-867-288-5260,evL8UYMHO8,Stacy_Cann8990@deons.tech,6,7/7/1980,1,False,12/5/2022
170,Nicholas Simpson,"King William  Drive, 9985",6-014-086-7718,FA0Vo0zncn,Nicholas_Simpson3489@dionrab.com,1,7/29/2012,0,False,11/8/2022
171,Chuck Phillips,"Hickory   Lane, 3015",0-473-178-6024,smgWZ67q59,Chuck_Phillips4565@mafthy.com,0,7/27/1989,1,False,12/23/2022
172,Natalie Hopkins,"Belfort  Vale, 23",1-110-104-6600,s3ATl1oBV6,Natalie_Hopkins602@gmail.com,5,12/20/1984,0,False,11/28/2022
173,Rocco Victor,"Blomfield  Drive, 3056",2-112-323-8072,3pvDFxet9Q,Rocco_Victor2058@grannar.com,4,9/5/1979,0,False,7/27/2022
174,Emerald Dobson,"Oxford Route, 409",7-823-785-0560,uz7CEnhIjW,Emerald_Dobson1635@nickia.com,3,11/3/1992,2,False,6/7/2022
175,Summer Stubbs,"Clavell   Pass, 2127",1-755-454-6681,Z3yqpOs30x,Summer_Stubbs6487@gmail.com,2,11/28/1996,2,False,6/2/2022
176,Luna Olson,"Egerton  Alley, 8214",5-326-167-2041,NT2ZgcODL9,Luna_Olson3085@ovock.tech,6,1/31/2015,1,False,5/21/2022
177,Sylvia Rycroft,"Mariner  Street, 7646",3-212-580-8470,VC3zQdS0bK,Sylvia_Rycroft9034@guentu.biz,6,8/28/1990,1,False,6/8/2022
178,Phillip Lowe,"Geary   Grove, 9476",5-544-060-6208,EyukeaP5jU,Phillip_Lowe8690@acrit.org,3,4/6/2007,0,False,5/21/2022
179,Bob Hopkinson,"Glenwood Crossroad, 6525",8-785-108-2622,5q1muR8zvc,Bob_Hopkinson3414@vetan.org,0,4/5/2018,2,False,5/11/2022
180,Camellia Rose,"Commercial  Boulevard, 6243",2-807-811-0202,dgDMiO5pH3,Camellia_Rose762@supunk.biz,4,12/12/1982,0,False,11/29/2022
181,Rowan Blackburn,"Black Swan  Alley, 7624",7-157-755-3012,6FMtNkajyp,Rowan_Blackburn7826@hourpy.biz,0,8/23/1980,1,False,7/6/2022
182,Danny Long,"Arundel   Walk, 6765",5-120-884-4428,0NSGEVeoFv,Danny_Long2366@naiker.biz,2,5/3/2014,2,False,11/6/2022
183,Bob Rixon,"Camden  Tunnel, 2781",2-372-731-4713,63t4VV5NFy,Bob_Rixon2662@cispeto.com,3,1/4/1995,0,False,9/23/2022
184,Lorraine Martin,"Chester  Hill, 4314",5-536-671-7871,hiJdA0Z06K,Lorraine_Martin8923@irrepsy.com,1,5/23/2001,2,False,12/21/2022
185,Analise Warren,"Tiptree   Walk, 6459",6-331-300-0875,8lnQrGHI3I,Analise_Warren6386@infotech44.tech,3,12/30/2017,1,False,5/28/2022
186,Kurt Pearce,"Zealand Lane, 5451",6-550-882-6471,wn1fDZ2QD1,Kurt_Pearce2599@kideod.biz,4,4/3/2006,1,False,6/6/2022
187,Jazmin Taylor,"Billing  Avenue, 9315",0-427-133-6613,pCzqdJ7Zco,Jazmin_Taylor8902@bretoux.com,0,10/28/2003,2,False,5/11/2022
188,Mina Jacobs,"Dyott   Avenue, 3587",0-561-047-3863,DbCRIKLNzx,Mina_Jacobs4012@famism.biz,5,1/4/1977,2,False,8/23/2022
189,Henry Larsen,"Cavaye  Drive, 1704",4-110-480-2081,yWrjof6FNK,Henry_Larsen789@vetan.org,4,9/9/1980,1,False,12/14/2022
190,Phillip Morrow,"Cloth  Street, 1410",6-857-051-6465,PAv9bgfztY,Phillip_Morrow7144@nimogy.biz,5,10/31/2020,1,False,7/31/2022
191,Laila Overson,"Aspen Avenue, 5546",5-787-560-3071,vLcuBSy48B,Laila_Overson8891@acrit.org,4,10/4/1989,0,False,5/5/2022
192,Maya Shaw,"Apollo  Street, 2868",0-124-752-2147,lyhgteUfjL,Maya_Shaw236@twace.org,1,2/21/2014,1,False,6/22/2022
193,Melanie James,"Edwin   Walk, 7710",6-177-838-4630,dRmFBDCqc0,Melanie_James4116@ovock.tech,6,1/20/1982,1,False,5/28/2022
194,Aileen Lynch,"Chelsea Manor  Boulevard, 4384",3-218-162-8487,jJU5UP3miY,Aileen_Lynch7908@zorer.org,0,3/17/1984,2,False,11/26/2022
195,Michael Brennan,"York Walk, 4978",1-056-844-1746,QpuCiaFqzx,Michael_Brennan6766@tonsy.org,3,4/6/1973,0,False,5/19/2022
196,Nathan Ross,"Clarks  Vale, 7324",7-662-350-8141,KR7rdzOl3r,Nathan_Ross6097@extex.org,2,12/24/1991,1,False,8/12/2022
197,Valentina Wilson,"Monroe Alley, 4648",8-766-288-1385,4kQBOtU24c,Valentina_Wilson5345@muall.tech,3,5/24/1976,2,False,9/8/2022
198,Marigold Jefferson,"Bletchley   Vale, 5136",4-813-045-6863,lBJAYMIiYp,Marigold_Jefferson6675@nanoff.biz,5,10/6/1990,0,False,7/20/2022
199,Peter Evans,"Central  Avenue, 5999",2-432-288-0155,vvuzxxWAbw,Peter_Evans2019@supunk.biz,5,12/4/1990,2,False,12/30/2022
200,Carl Wright,"Beaconsfield  Avenue, 4729",6-626-455-3456,BOByCKn0We,Carl_Wright2423@twipet.com,4,7/1/2000,1,False,9/5/2022

