ID,Name,Address,Phone,WeChat,Email,Profession,Birth,Risk,hasDDL,Deadline
1,Rita Wilkinson,"Jackson Crossroad, 8975",2-511-680-5853,wc8diiZFUP,Rita_Wilkinson3263@dionrab.com,6,4/17/1979,2,False,6/3/2022
2,Phillip Harvey,"Bliss  Walk, 6166",5-843-100-1225,hUhn5kHA46,Phillip_Harvey8262@sheye.org,0,4/20/1992,1,False,10/20/2022
3,Sarah Locke,"Bendall   Lane, 1254",6-785-250-2830,s74pzIZ8BE,Sarah_Locke1833@kideod.biz,3,1/1/1999,2,True,5/27/2022
4,Charlotte Waterhouse,"Addison  Walk, 8287",0-682-685-6771,Zr1DjYiBUo,Charlotte_Waterhouse1575@supunk.biz,4,3/31/1984,2,True,5/1/2022
5,Bryon Martin,"Linden Rue, 5699",3-200-061-3756,RKcK5UWAmf,Bryon_Martin5493@bungar.biz,1,9/11/2013,2,False,7/31/2022
6,Lucas Gilmour,"Apothecary   Hill, 5778",8-021-766-1808,zJDDxTzLw3,Lucas_Gilmour6631@corti.com,0,11/26/1980,1,False,11/16/2022
7,Faith Redfern,"Ely  Boulevard, 1176",4-557-640-7310,RKvqQlJ7ZT,Faith_Redfern494@nickia.com,1,2/19/1981,1,True,8/31/2022
8,Leroy Rivers,"Bacon  Route, 6685",3-522-647-0637,Jw6yd7Xprg,Leroy_Rivers3520@kideod.biz,5,8/16/2005,1,False,6/13/2022
9,Fred Garcia,"Camdenhurst   Hill, 6721",2-888-737-4272,r6qJCIjlJu,Fred_Garcia7015@grannar.com,2,6/23/1983,2,True,10/29/2022
10,Kaylee Franks,"Bellenden   Lane, 3257",6-276-140-0185,KwX5gaop98,Kaylee_Franks2915@iatim.tech,1,12/3/1972,0,True,10/8/2022
11,Aiden Addis,"Amwell    Street, 7865",6-238-457-4080,t16Vbmpnal,Aiden_Addis1038@guentu.biz,3,12/3/1986,2,False,10/8/2022
12,Johnathan Jarrett,"Longman   Way, 4763",8-372-486-6887,MMuLpYylkC,Johnathan_Jarrett3160@cispeto.com,4,5/19/1985,2,False,8/30/2022
13,Hank Booth,"Cockspur  Road, 3935",1-748-443-6652,IFDak4O78p,Hank_Booth7648@ovock.tech,2,1/25/1995,0,False,8/17/2022
14,Hank Forester,"Bayberry Alley, 8327",1-421-337-8682,8pCtb4PekS,Hank_Forester3531@corti.com,4,11/14/1975,2,True,11/17/2022
15,Percy Rixon,"Bethwin  Drive, 1237",1-122-640-6482,fBfgwElDy9,Percy_Rixon9661@ubusive.com,3,2/15/1976,0,False,12/22/2022
16,Marvin Mccall,"Balham   Drive, 6456",3-536-823-5500,1tIIJ0yKzn,Marvin_Mccall5625@womeona.net,6,2/27/2021,0,False,10/25/2022
17,Chadwick Walker,"Elba  Avenue, 8129",4-181-503-1222,OBIA1GeuzF,Chadwick_Walker7089@mafthy.com,1,7/10/1987,2,False,9/16/2022
18,Ivette Kelly,"Walnut Boulevard, 8785",6-036-047-4342,F0pszlsxX2,Ivette_Kelly662@joiniaa.com,3,12/4/2008,2,False,6/28/2022
19,Bart Mills,"Bigland  Vale, 8420",2-682-443-5547,4k6Arn58Bj,Bart_Mills1954@nickia.com,5,5/6/1984,1,False,9/4/2022
20,Cara Seymour,"Blean   Drive, 2620",6-203-630-2733,X2GQHCH76j,Cara_Seymour3996@famism.biz,6,9/14/2019,2,False,9/13/2022
21,Jaylene Furnell,"Underwood  Alley, 9405",4-612-217-4680,BNCqQMDZpA,Jaylene_Furnell4734@acrit.org,0,9/28/2012,2,False,12/19/2022
22,Irene Wright,"Woodland Rue, 8117",2-788-642-8001,G3Y58TGZUr,Irene_Wright6982@deavo.com,5,1/15/2021,1,False,12/30/2022
23,Marilyn Summers,"Western   Tunnel, 2844",6-416-777-5045,KaWGgIL8Xi,Marilyn_Summers549@gmail.com,1,5/29/1974,2,True,8/17/2022
24,Hank Speed,"Howard Lane, 1364",4-200-178-0480,VZ4soJ2kFG,Hank_Speed5649@nimogy.biz,2,7/3/1973,2,False,12/20/2022
25,Sebastian Downing,"Camdale  Road, 2512",7-670-604-8380,qbzB6mw7if,Sebastian_Downing6322@twipet.com,4,6/10/2019,0,True,10/16/2022
26,Nathan Larkin,"Cadogan  Hill, 9654",1-386-725-3785,KWeuKaNGyB,Nathan_Larkin9275@guentu.biz,6,12/27/1984,1,False,6/12/2022
27,Savannah Heaton,"Bellenden   Rue, 6805",2-561-744-3518,igu6Nf9dpZ,Savannah_Heaton5393@guentu.biz,1,8/29/2008,0,False,8/18/2022
28,Alma Morris,"Balfour    Road, 7683",6-443-654-4015,sDBQttlYOi,Alma_Morris764@eirey.tech,6,11/24/2004,0,True,5/16/2022
29,Emmanuelle Wade,"St. Pauls  Avenue, 1253",1-428-067-4176,iWzNrPjvmj,Emmanuelle_Wade3687@eirey.tech,3,11/29/1975,0,True,10/23/2022
30,Tyler Potter,"Longmoore   Lane, 9437",1-483-743-1415,bs1hxPwxO6,Tyler_Potter4798@supunk.biz,5,3/10/1974,2,False,12/12/2022
31,Deborah Hobbs,"Howard Rue, 6119",4-678-624-2627,9hoAtJJUbD,Deborah_Hobbs2795@acrit.org,2,8/22/1984,1,True,7/29/2022
32,Sasha Baker,"Abbotswell  Road, 8106",7-134-383-0768,RfNiKUhnAf,Sasha_Baker6402@typill.biz,1,2/3/2017,2,False,6/1/2022
33,Candace Hood,"South Drive, 3519",3-606-508-8558,DzDSOXJk8C,Candace_Hood386@atink.com,0,7/13/1998,1,True,7/7/2022
34,Mike Lloyd,"Heritage Way, 8189",4-862-707-0134,tQ9TSjBNW3,Mike_Lloyd9244@jiman.org,6,6/19/1987,1,True,10/15/2022
35,Tyler Middleton,"Blackall   Tunnel, 4750",3-162-141-5831,fzR5itv5Uk,Tyler_Middleton3088@muall.tech,4,7/12/2004,1,True,12/25/2022
36,Matthew Morris,"Lake Pass, 7906",2-750-214-2782,i752EfDmBU,Matthew_Morris7168@twace.org,5,12/5/1989,0,False,8/3/2022
37,Fred Dixon,"Norfolk  Route, 4891",5-854-836-7782,GVsciu0ova,Fred_Dixon4287@ovock.tech,4,10/25/1999,2,False,7/18/2022
38,Chadwick Pierce,"Victorian  Walk, 9658",7-713-823-2648,37oDOA86V2,Chadwick_Pierce9159@extex.org,4,2/2/2001,1,False,8/24/2022
39,Michael Boden,"Clifton  Pass, 2859",1-213-138-8013,FobF33ewlz,Michael_Boden2080@infotech44.tech,4,11/29/1971,2,True,5/3/2022
40,Catherine Ellis,"Cobden  Avenue, 1750",3-411-634-5505,sxGc7QgTXi,Catherine_Ellis6582@twipet.com,3,6/7/1976,0,False,5/25/2022
41,Tara Spencer,"Cave   Crossroad, 6578",2-265-725-1123,QUImuKiFyi,Tara_Spencer5019@ubusive.com,1,10/21/2019,2,True,11/28/2022
42,Adela Willis,"Abourne   Rue, 8328",2-570-078-7831,hoDGy6grdi,Adela_Willis4502@eirey.tech,0,5/7/1989,0,True,11/5/2022
43,Emmanuelle Vernon,"Bloomsbury  Alley, 1180",4-714-827-5423,c6NRzYqoNN,Emmanuelle_Vernon2547@sheye.org,4,7/12/2004,1,False,5/26/2022
44,Caydence Vangness,"Bermondsey    Street, 382",8-017-825-5864,Co13MHhyOo,Caydence_Vangness4548@deons.tech,2,10/26/1976,0,False,9/19/2022
45,Barry Ross,"Thoresby   Rue, 3514",0-037-608-5675,r79Yh5wsPR,Barry_Ross1972@elnee.tech,2,7/10/1976,1,True,5/18/2022
46,Logan Shelton,"King William  Way, 585",6-463-075-4162,WNaE3nDqzf,Logan_Shelton9141@bungar.biz,0,9/22/2008,2,False,9/2/2022
47,Rocco Mccormick,"Dunsley  Boulevard, 2465",1-078-368-3328,7jyi0gqoqC,Rocco_Mccormick1706@iatim.tech,2,6/1/1979,2,True,8/5/2022
48,Tyson Kirby,"King Way, 227",3-305-740-2052,yXnMCcZvue,Tyson_Kirby3999@corti.com,1,6/17/2013,0,True,11/3/2022
49,Catherine Pierce,"Maple Hill, 6333",4-842-851-1258,qN2gA35xeU,Catherine_Pierce9569@sveldo.biz,6,7/31/2015,1,True,12/23/2022
50,Harry Archer,"Biggerstaff   Street, 2581",1-085-102-1026,IMESkweaJy,Harry_Archer4583@bauros.biz,4,2/9/2001,1,False,5/18/2022
51,Wade Michael,"Wager   Walk, 7910",4-550-772-6757,auEbpVMCoO,Wade_Michael2184@womeona.net,1,1/9/1980,2,True,9/4/2022
52,Peyton Graham,"Mariner  Crossroad, 7689",2-020-158-5067,1aIiPDd4wY,Peyton_Graham5850@famism.biz,5,6/15/1975,1,False,11/30/2022
53,Marvin Ward,"South Alley, 5522",0-750-158-5031,UuFXpCf5l4,Marvin_Ward8371@liret.org,6,4/8/2012,2,True,7/11/2022
54,Logan Harris,"Chatsworth  Hill, 4443",5-108-048-2860,bhcnPjsNBI,Logan_Harris7439@hourpy.biz,4,11/9/1976,1,True,10/10/2022
55,Matthew Potts,"Bales  Walk, 2570",2-220-270-8630,SwfS1UW0bn,Matthew_Potts5477@qater.org,0,5/8/1973,1,False,8/16/2022
56,Liam Owen,"Chancellor  Route, 2844",5-868-732-4113,bZWmqZI6PW,Liam_Owen9700@cispeto.com,5,1/11/1970,2,False,7/29/2022
57,Julius Yarwood,"Falconberg   Boulevard, 6963",7-072-488-4314,V2F5lb37G7,Julius_Yarwood4264@bauros.biz,5,4/23/2010,1,False,11/17/2022
58,Bryon Corbett,"Addison  Boulevard, 114",7-745-805-8522,85NtXRGhmh,Bryon_Corbett415@yahoo.com,2,9/20/1985,1,False,8/30/2022
59,Rhea Downing,"Garfield Walk, 7568",2-421-675-5400,9oqdu0DRCe,Rhea_Downing26@eirey.tech,0,11/19/2010,2,True,8/14/2022
60,Ronald Tindall,"Waldram Park  Pass, 4467",2-815-445-8452,42uQPRKaqd,Ronald_Tindall6189@brety.org,5,10/1/2002,0,False,12/13/2022
61,Rae Lane,"Shepherds  Avenue, 2810",3-442-342-5416,nZC8rLQ7my,Rae_Lane7189@gompie.com,0,10/12/2003,0,False,7/29/2022
62,Chuck Dwyer,"Andrews  Grove, 991",6-131-625-2703,lq3cq4epN6,Chuck_Dwyer2096@womeona.net,5,2/23/2009,2,True,9/22/2022
63,Danny Avery,"Apothecary   Tunnel, 3619",5-210-268-6650,mtMKckgcoT,Danny_Avery3550@cispeto.com,6,10/1/1991,2,True,7/18/2022
64,Rick Upton,"Abbots   Hill, 9890",1-151-880-5641,04lDOyTloA,Rick_Upton1073@hourpy.biz,6,10/25/1984,1,False,8/15/2022
65,Margot Gonzales,"Belgrave  Lane, 4511",5-114-545-5237,r349DXo1bj,Margot_Gonzales6346@dionrab.com,1,6/1/1972,0,True,8/21/2022
66,Josh Windsor,"Glenwood Tunnel, 8065",7-611-661-0436,Hed26C7akk,Josh_Windsor2118@cispeto.com,2,4/24/2018,2,False,5/16/2022
67,Kurt Griffiths,"Chantry   Grove, 3182",7-785-238-8217,C5qNnP1QYa,Kurt_Griffiths4322@tonsy.org,2,11/12/1989,2,False,8/22/2022
68,Matthew Lee,"Billing  Alley, 5811",3-346-200-6784,mmB3bnjRil,Matthew_Lee5477@yahoo.com,1,7/8/2004,2,False,8/3/2022
69,Angelique Horton,"South Vale, 3501",5-058-474-4120,qjf9zWRDjh,Angelique_Horton2768@deavo.com,2,9/8/1998,0,False,8/24/2022
70,Bob Mackenzie,"Bishop   Way, 8168",1-856-367-2616,qaiySVLZYA,Bob_Mackenzie6038@cispeto.com,2,2/19/2012,1,False,11/26/2022
71,Jazmin Newman,"Dutton   Road, 8379",2-427-176-8161,wnPxhdP2Ze,Jazmin_Newman1777@sheye.org,1,3/1/1987,0,False,10/4/2022
72,Peter Rycroft,"Bingham   Street, 162",1-347-205-3370,ZJlVJv9ewt,Peter_Rycroft5526@bauros.biz,5,12/21/1971,0,False,6/13/2022
73,Marvin Davies,"Beaconsfield  Drive, 2529",6-662-121-5286,XLZRokpxYc,Marvin_Davies5960@tonsy.org,0,3/11/2006,1,False,8/31/2022
74,Gil Clarke,"Fairfield  Rue, 8073",6-072-575-5544,8HlwHenk42,Gil_Clarke8914@nanoff.biz,0,3/22/1991,1,True,11/24/2022
75,Faith Dale,"Monroe Avenue, 8944",5-667-546-3485,L2u5x2z2tZ,Faith_Dale6688@bretoux.com,2,8/3/2006,2,False,7/30/2022
76,Gwenyth Martin,"Lincoln Route, 8828",1-843-562-2084,5Avd9ZTJNi,Gwenyth_Martin5953@corti.com,0,2/8/2000,1,False,9/26/2022
77,Jack Poulton,"Adderley   Pass, 284",1-600-735-3126,2KIUieYzom,Jack_Poulton379@sheye.org,2,11/5/1984,0,False,11/15/2022
78,Hayden Oswald,"Andsell    Tunnel, 1334",3-682-063-2608,wEFZJ5utz8,Hayden_Oswald5614@nanoff.biz,1,2/17/1993,0,False,5/6/2022
79,Carter Hardwick,"Castile  Tunnel, 5572",5-131-003-4678,wvbJ0gzxva,Carter_Hardwick3517@gembat.biz,1,4/5/2022,2,False,5/27/2022
80,Paula Ianson,"Besson  Alley, 4155",7-722-422-6433,NtgIO4IKJW,Paula_Ianson398@muall.tech,1,1/23/2010,0,False,9/30/2022
81,Rick Chadwick,"Wake  Rue, 7643",6-873-075-8088,F04DwKGd84,Rick_Chadwick6459@irrepsy.com,1,6/17/2010,1,False,6/23/2022
82,Sabina Nicholls,"Camberwell  Vale, 8781",8-341-346-7213,5fr0EgmpLa,Sabina_Nicholls2876@ubusive.com,3,10/12/2010,1,True,9/22/2022
83,Joy Drake,"Baltic  Crossroad, 2349",1-503-023-6437,jg7bmDCaY3,Joy_Drake2342@acrit.org,4,9/7/1999,1,True,12/25/2022
84,Alex Edler,"Chester      Grove, 4866",5-881-703-8144,DzcU8PY1lT,Alex_Edler4984@sveldo.biz,1,2/19/1990,2,False,7/28/2022
85,Marie Keys,"Canon Walk, 5435",0-071-784-2085,0CzKEwptSN,Marie_Keys3433@extex.org,3,4/2/1975,1,False,10/3/2022
86,Janice Bailey,"Blackpool  Boulevard, 4625",0-480-040-6662,peeTqBQEhd,Janice_Bailey5687@muall.tech,5,4/30/1988,0,False,7/25/2022
87,Julian Jenkin,"Elia   Grove, 5873",1-618-084-1072,c2y9hzNoeR,Julian_Jenkin3793@cispeto.com,6,10/30/1990,0,False,7/23/2022
88,Kurt Allcott,"Sheraton   Rue, 3835",0-063-588-4258,IT8SzKMerm,Kurt_Allcott3053@hourpy.biz,2,2/1/1998,1,True,5/21/2022
89,Maxwell Greenwood,"Queensberry  Boulevard, 5061",3-785-616-7145,PQ8vsPT0VN,Maxwell_Greenwood5531@yahoo.com,0,1/14/1999,1,False,6/14/2022
90,Mike Gavin,"Byland  Pass, 3284",4-718-577-5468,VS9R2x0G2m,Mike_Gavin6893@ubusive.com,0,2/18/1986,2,False,7/25/2022
91,Eryn Henderson,"Heritage Avenue, 7232",0-046-176-7638,gD0sygIq8c,Eryn_Henderson5215@zorer.org,3,5/30/1990,0,True,9/13/2022
92,Willow Bryson,"Charterhouse  Lane, 4743",7-452-070-6707,LWhQeJBWSF,Willow_Bryson9586@brety.org,5,4/11/2013,2,True,10/9/2022
93,Cassandra Shea,"St. Johs  Avenue, 5672",7-881-033-7133,IMmY3vvewm,Cassandra_Shea3392@sheye.org,4,9/4/1988,1,False,9/11/2022
94,Gloria Simpson,"Carnegie   Walk, 4607",7-355-646-5711,LDs6fORwIZ,Gloria_Simpson2361@acrit.org,5,1/22/2012,0,False,12/11/2022
95,Elijah Stone,"Queensberry  Road, 8292",1-332-034-7787,qynDkDuzz3,Elijah_Stone3606@elnee.tech,3,3/1/1985,2,True,10/25/2022
96,William Clayton,"Blackheath  Rue, 4440",2-742-323-3831,BSK5w6z5EK,William_Clayton5240@fuliss.net,0,7/15/1981,1,True,10/17/2022
97,Tyler Allwood,"Parkfields Alley, 628",6-703-567-0010,EMmRvzaApy,Tyler_Allwood4864@deavo.com,6,2/23/2005,1,True,12/22/2022
98,Johnny John,"Fawn Avenue, 5125",8-273-856-3072,YMYPLHFsXt,Johnny_John8638@irrepsy.com,0,5/18/1982,0,True,7/10/2022
99,Aiden Lee,"Badric  Road, 430",4-477-554-3511,X3IvH0rMiT,Aiden_Lee4065@gembat.biz,1,10/14/1995,2,True,9/12/2022
100,Elijah Hardwick,"Cockspur  Avenue, 6634",7-860-682-6655,5EesETpVmF,Elijah_Hardwick8301@muall.tech,6,9/27/2004,0,False,5/18/2022
101,Summer Bayliss,"Clavell   Route, 5839",6-681-057-5877,XR1k9T0UYk,Summer_Bayliss745@womeona.net,1,11/29/1995,2,False,7/30/2022
102,Karla Hooper,"Gautrey  Walk, 445",5-623-668-3860,12AAoMzon4,Karla_Hooper2547@typill.biz,4,8/4/1994,2,True,6/7/2022
103,Rocco May,"Camley   Avenue, 8092",4-350-242-2621,A0IIT6q44i,Rocco_May4234@supunk.biz,5,7/15/2000,0,False,11/23/2022
104,Kaylee Phillips,"Black Swan  Tunnel, 9552",4-866-018-8147,HOjPF80aFs,Kaylee_Phillips6557@famism.biz,4,12/11/1990,0,False,10/1/2022
105,Mason Barclay,"Victoria  Rue, 4383",2-736-267-7505,0WLO20KT7e,Mason_Barclay9617@bungar.biz,3,9/20/2015,0,False,8/9/2022
106,Hayden Snow,"Coleman  Tunnel, 6780",2-738-077-1647,gVr6S52yjA,Hayden_Snow5430@mafthy.com,6,11/3/2002,1,False,10/7/2022
107,Owen Marshall,"Elia   Avenue, 881",8-446-688-4048,WirpuQaUxH,Owen_Marshall4162@qater.org,2,6/20/2013,0,False,11/1/2022
108,Martha Chester,"Thomas Doyle   Tunnel, 7321",2-127-328-1883,Hns7goK2ZQ,Martha_Chester2579@kideod.biz,5,4/22/2010,0,False,10/31/2022
109,Anthony Corbett,"Blanchard  Drive, 5350",3-461-852-5607,z9zdBsiDaS,Anthony_Corbett929@sveldo.biz,5,11/23/1977,0,False,8/12/2022
110,Erick Rogers,"Lincoln Crossroad, 1303",6-308-283-3142,i7fOUV785s,Erick_Rogers2650@kideod.biz,5,10/5/2005,2,False,9/1/2022
111,Tom Stevens,"Carpenter Grove, 2239",5-586-775-6154,iU4ZZ4TRFU,Tom_Stevens7640@womeona.net,3,3/16/2022,2,False,7/15/2022
112,Marvin Stone ,"Balfour    Drive, 8109",5-741-180-7420,r1X3yCcq7C,Marvin_Stone 6247@ovock.tech,5,11/14/1987,1,False,5/17/2022
113,Alessia Victor,"Camdale  Tunnel, 506",6-043-253-0740,3EAw65r082,Alessia_Victor4977@liret.org,1,5/29/1983,2,False,9/19/2022
114,Wendy Corbett,"Parkfield  Hill, 7404",8-860-110-2654,geQKPyRLXO,Wendy_Corbett9446@liret.org,2,7/13/2019,2,False,11/23/2022
115,Celia Whinter,"Addison  Alley, 797",7-062-801-8481,yTLf7sRFwf,Celia_Whinter6569@womeona.net,6,6/26/2007,0,False,8/21/2022
116,Crystal Graves,"Bective  Avenue, 8966",1-687-501-8511,fGRjIfykzp,Crystal_Graves8287@sheye.org,1,6/12/1996,1,False,10/23/2022
117,Enoch Mooney,"Glenwood Tunnel, 6861",8-370-084-8436,aVqOV7uUDb,Enoch_Mooney9057@acrit.org,2,11/9/1990,2,False,8/17/2022
118,Leroy Vaughn,"Chesterfield  Vale, 5495",0-561-523-0827,7XOPEDepoN,Leroy_Vaughn5926@jiman.org,5,6/1/2021,2,False,7/14/2022
119,Eve Brooks,"Blean   Rue, 1066",8-583-843-2561,iAeUcW7MrX,Eve_Brooks9820@eirey.tech,6,6/17/2019,0,False,11/23/2022
120,Ryan Matthews,"Aspen Pass, 4942",4-570-662-0443,Q89s9Y7dcI,Ryan_Matthews8196@famism.biz,1,6/20/2018,2,False,11/16/2022
121,Abdul Logan,"Waite  Street, 1937",2-216-058-7761,qXQWojkIc9,Abdul_Logan8144@twipet.com,4,7/4/2007,2,False,11/13/2022
122,Maria Jackson,"Longmoore   Street, 3516",3-851-511-8351,kCuMc7b9Gg,Maria_Jackson6330@yahoo.com,6,6/19/2016,0,False,12/29/2022
123,Gabriel Jenkins,"Coley  Vale, 5824",6-081-611-8068,NVFyv6sNkM,Gabriel_Jenkins572@guentu.biz,5,9/18/1999,2,False,6/28/2022
124,Chad Bayliss,"Cecilia  Vale, 6788",7-802-567-2820,f7hYrMFozA,Chad_Bayliss9150@bretoux.com,6,1/5/1996,2,False,5/18/2022
125,Sebastian Brett,"Collingwood  Tunnel, 7984",0-823-067-6052,lKSp2nGzb0,Sebastian_Brett9380@gompie.com,4,6/30/1981,2,False,10/8/2022
126,Carl Fleming,"Magnolia Walk, 7577",2-180-148-2785,6sy6HTrKIz,Carl_Fleming4011@fuliss.net,6,7/18/2021,1,False,7/2/2022
127,Julius Dann,"Lake Avenue, 7539",8-547-468-0857,5up54JDGfq,Julius_Dann6529@sheye.org,2,10/8/2004,2,False,5/29/2022
128,Dorothy Gibbons,"Coley  Boulevard, 2671",6-638-628-5114,6W8EU1NKoE,Dorothy_Gibbons2748@bretoux.com,4,7/24/1997,1,False,5/14/2022
129,Noah Taylor,"Thomas Doyle   Hill, 3403",8-044-614-2373,oBqLacwWwm,Noah_Taylor6575@sveldo.biz,2,5/3/1978,0,False,5/23/2022
130,Tyler Hall,"Amwell    Lane, 3580",4-486-338-0534,cfytP4ETJ6,Tyler_Hall9425@deons.tech,1,3/22/2008,2,False,10/4/2022
131,Chester Wright,"Marischal  Alley, 7551",5-176-654-7041,sguZiXw79X,Chester_Wright7505@dionrab.com,3,1/26/2009,1,False,9/15/2022
132,Boris Rowlands,"Sundown Avenue, 987",8-104-880-0566,3cEX1HWB1B,Boris_Rowlands9670@twipet.com,3,12/19/2018,0,False,8/27/2022
133,Ethan Stanley,"Cockspur  Hill, 8170",6-487-750-8165,rRmE54kfVN,Ethan_Stanley1041@guentu.biz,6,10/31/1982,2,False,6/22/2022
134,Caleb Watson,"Blake  Pass, 2715",5-674-076-6712,DHLkpmBhFE,Caleb_Watson4588@infotech44.tech,6,5/15/1994,1,False,12/2/2022
135,Russel Flett,"Bury  Crossroad, 4675",8-877-813-5538,B7mMIwyD73,Russel_Flett6903@twace.org,1,4/23/1985,1,False,7/25/2022
136,Leah Newman,"Biggerstaff   Road, 3091",6-241-574-2056,fS1jPwheG7,Leah_Newman4976@gembat.biz,3,7/25/1973,1,False,8/24/2022
137,Phillip Everett,"Chatsworth  Way, 4381",3-877-478-2483,Hr6VOC9D8B,Phillip_Everett5834@sheye.org,6,4/4/1977,1,False,5/7/2022
138,Matt Funnell,"Anns  Road, 2210",6-435-638-7385,O7oaxL1qYH,Matt_Funnell4083@nimogy.biz,4,10/7/2015,0,False,9/19/2022
139,Rufus Ianson,"Westbourne Tunnel, 7802",1-815-277-2587,xrmGSzvrHK,Rufus_Ianson2672@vetan.org,0,7/9/1991,1,False,9/21/2022
140,Wade Marshall,"Endsleigh  Boulevard, 864",6-802-478-3686,ceJl3RDOSg,Wade_Marshall6914@bulaffy.com,5,8/16/1986,1,False,5/7/2022
141,Brad Pope,"Vincent  Hill, 6212",0-833-214-3228,NyAiEARAqk,Brad_Pope1577@ovock.tech,5,7/29/2019,2,False,10/2/2022
142,Oliver Clarke,"Blake  Avenue, 1834",2-740-878-3022,9R3C17hcUI,Oliver_Clarke6444@iatim.tech,6,6/2/2006,2,False,11/5/2022
143,Morgan Atkinson,"Falconberg   Lane, 1355",8-574-056-5535,uCKDpJhW6F,Morgan_Atkinson7545@deavo.com,0,4/22/1997,1,False,6/21/2022
144,Keira Harper,"Queensberry  Crossroad, 516",2-152-204-5665,Gg9CL0t8Tb,Keira_Harper2223@deons.tech,2,8/4/1980,2,False,11/21/2022
145,Anthony Carter,"Walnut Walk, 4988",2-567-504-5216,GJilDCSHu2,Anthony_Carter7312@hourpy.biz,2,11/30/2015,0,False,5/18/2022
146,Liam Malone,"Chelsea Manor  Pass, 1045",0-445-667-1658,yRBmjtZ47p,Liam_Malone3512@twipet.com,1,2/12/1976,1,False,9/8/2022
147,Erin Morrow,"Chartham  Hill, 1377",7-246-121-8731,HXwboOQddk,Erin_Morrow1704@gompie.com,6,10/21/1973,0,False,7/12/2022
148,Callie Norris,"Castle Road, 8583",0-271-533-7500,AvDhlufnAA,Callie_Norris9007@iatim.tech,4,11/13/1976,1,False,11/12/2022
149,Sabina Tobin,"Colombo   Route, 6510",7-461-126-7255,V5A0MkP97K,Sabina_Tobin7867@tonsy.org,3,6/18/1984,2,False,7/5/2022
150,Angelica Martin,"Fieldstone Grove, 8456",8-430-446-2616,Fcad9RO6tg,Angelica_Martin5876@sveldo.biz,0,12/12/1985,2,False,5/1/2022
151,Julian Mcleod,"Chamberlain  Drive, 8210",6-434-317-6412,7dqTTUSsOP,Julian_Mcleod7971@kideod.biz,3,1/21/1979,1,False,9/17/2022
152,Ronald Durrant,"Bacon  Way, 1314",3-435-006-1763,Hasj4E3Uy4,Ronald_Durrant5514@ubusive.com,5,12/27/2003,1,False,5/26/2022
153,Madison Gray,"Wadham  Grove, 1319",8-145-336-4418,TQzN1Jo54W,Madison_Gray3306@corti.com,3,6/6/2002,2,False,9/7/2022
154,Kurt Glass,"Tilson  Grove, 2067",3-174-374-7385,s7gvin7Bp8,Kurt_Glass8724@muall.tech,4,9/10/2000,2,False,11/11/2022
155,Peyton Young,"Lincoln Vale, 8347",2-548-272-8331,GpuOieH7m5,Peyton_Young3871@bungar.biz,6,7/20/1977,0,False,5/15/2022
156,Bryon Gordon,"Bendall   Grove, 7687",4-854-267-4486,X9g40sfzHV,Bryon_Gordon9825@guentu.biz,6,12/5/1985,0,False,6/3/2022
157,Matt Dale,"Walnut Rue, 4492",2-861-766-2255,40UahBuOvZ,Matt_Dale3369@tonsy.org,4,1/21/2011,1,False,5/21/2022
158,Melody Durrant,"Becklow  Alley, 6246",7-816-228-2648,AK6C8wLV27,Melody_Durrant8947@qater.org,2,3/5/1997,1,False,7/19/2022
159,Tyson Truscott,"Gautrey  Boulevard, 5605",8-308-801-7375,BaMp3IwK8G,Tyson_Truscott5064@naiker.biz,4,5/2/1981,2,False,11/16/2022
160,Gemma Egerton,"Empress  Avenue, 4399",1-216-427-4802,XTTcblUqLt,Gemma_Egerton5896@bulaffy.com,5,2/22/1971,0,False,5/9/2022
161,Denis Franks,"Chicksand  Tunnel, 9214",7-757-238-5248,gQSrjVYpKJ,Denis_Franks1962@gembat.biz,5,3/29/1973,1,False,5/15/2022
162,Maria Exton,"Bishop   Route, 5809",2-526-148-8024,8cEvqoxxNV,Maria_Exton3813@dionrab.com,5,11/13/1992,2,False,9/23/2022
163,Ryan Boyle,"Dunstans  Rue, 5480",1-042-000-0851,KQLO6flUqF,Ryan_Boyle4050@extex.org,1,6/3/2004,0,False,11/13/2022
164,Elisabeth Waterhouse,"Bacton   Way, 3609",3-343-530-7780,RH9cwGUk3F,Elisabeth_Waterhouse6588@typill.biz,5,6/24/2013,0,False,5/29/2022
165,Johnathan Needham,"Cobden  Way, 2374",1-142-140-1721,eOsRwksglW,Johnathan_Needham80@muall.tech,6,6/23/2010,2,False,12/5/2022
166,Jackeline Vass,"St. Pauls  Rue, 3030",8-827-754-2640,KH92KhoitO,Jackeline_Vass9110@gmail.com,0,1/14/1989,0,False,10/4/2022
167,Luke Rehman,"Camden  Road, 1562",8-042-563-6443,d46EBjNgL1,Luke_Rehman5574@eirey.tech,2,4/18/2013,0,False,8/6/2022
168,Rihanna Bright,"Egerton  Route, 6378",2-034-011-0157,iP0SXwLbpk,Rihanna_Bright4496@joiniaa.com,0,5/15/1977,0,False,9/23/2022
169,Alexander Tailor,"Cephas  Tunnel, 6677",7-066-574-7033,OoqC1mZUbT,Alexander_Tailor6879@bungar.biz,2,10/12/1972,2,False,6/29/2022
170,Diane Weldon,"Longleigh   Route, 2940",0-036-337-1781,tcxVGGcmNJ,Diane_Weldon1660@hourpy.biz,4,10/1/1978,2,False,6/10/2022
171,Brad Morrow,"Balham   Crossroad, 6927",5-448-244-1364,PGLI3OvjBE,Brad_Morrow9423@acrit.org,2,8/10/2013,1,False,11/17/2022
172,Benjamin Funnell,"Aspen Route, 6537",7-140-087-7840,fmzmnKJI5w,Benjamin_Funnell1169@brety.org,2,9/25/2019,1,False,6/29/2022
173,Marina Owen,"Kingly  Boulevard, 9126",4-848-022-6204,erd1vaGFfR,Marina_Owen6316@jiman.org,2,11/25/1982,2,False,6/2/2022
174,Liam Price,"Black Swan  Tunnel, 6358",2-774-066-8034,YOym4nJpYL,Liam_Price5992@deons.tech,4,12/18/2015,0,False,6/14/2022
175,Mona Lucas,"Arline    Boulevard, 5002",8-152-265-0542,aH3bnwQoaF,Mona_Lucas1855@hourpy.biz,0,12/13/1979,1,False,5/31/2022
176,Elle Wilkinson,"Balfour    Boulevard, 1371",0-575-664-8055,gF4ZyXkIZK,Elle_Wilkinson8109@kideod.biz,2,8/22/1988,1,False,10/15/2022
177,Chad Dyson,"Epworth  Tunnel, 4358",2-578-457-8655,Xm68NLdPbJ,Chad_Dyson5706@joiniaa.com,3,9/19/2018,1,False,8/31/2022
178,Rufus Wade,"Lexington Crossroad, 7531",4-618-723-8412,z80RuPPA49,Rufus_Wade2409@joiniaa.com,5,6/9/1974,2,False,6/15/2022
179,Nick Villiger,"Victoria Rise Rue, 6183",2-502-661-3332,vf7uQQYzaO,Nick_Villiger4659@sveldo.biz,0,2/21/1970,2,False,7/28/2022
180,Chadwick Jenkins,"Railroad Alley, 4105",2-544-131-5651,9oPXwf6THc,Chadwick_Jenkins6873@womeona.net,4,10/6/2020,0,False,5/15/2022
181,Oliver Lunt,"Dunton  Lane, 5890",3-562-530-2077,Qw67kG4hqN,Oliver_Lunt428@acrit.org,2,5/24/2001,0,False,11/18/2022
182,Mabel Strong,"Boldero   Drive, 6011",3-703-473-3454,CDMXXMZokr,Mabel_Strong8535@liret.org,1,4/3/1973,0,False,10/5/2022
183,Sarah Walker,"Callcott   Walk, 8103",5-264-277-7326,glZ3in2Vmj,Sarah_Walker3161@twace.org,2,12/8/2017,2,False,8/19/2022
184,Lillian Gregory,"Chesterfield  Lane, 2779",0-368-312-4066,DlLOUJWmop,Lillian_Gregory7582@ovock.tech,2,1/28/2015,1,False,8/25/2022
185,Wade Varley,"Westcott  Road, 8008",3-501-235-3552,sESlTZXE5M,Wade_Varley5012@famism.biz,3,6/2/1982,1,False,10/26/2022
186,Rhea Mooney,"Thrale   Road, 4659",7-417-268-5427,NIHl3hf7iR,Rhea_Mooney1086@naiker.biz,4,5/1/2015,0,False,9/27/2022
187,Hanna Judd,"Sheffield Boulevard, 4828",7-403-147-1134,MvcLqrfA3V,Hanna_Judd6430@vetan.org,6,5/21/2002,2,False,9/4/2022
188,Harvey London,"Camdenhurst   Grove, 3545",4-106-838-8340,1KaIN1JwCp,Harvey_London2508@gembat.biz,2,4/27/2014,2,False,10/7/2022
189,Sofie Irving,"Bective  Lane, 2075",2-814-751-6348,2kYqR9rzzX,Sofie_Irving6148@nanoff.biz,0,6/18/2011,0,False,9/25/2022
190,Julian Alldridge,"Erindale Grove, 1889",8-282-366-6801,4HGznvFuL2,Julian_Alldridge6873@nickia.com,2,10/31/2015,1,False,6/8/2022
191,Aurelia Flynn,"Gathorne   Way, 247",8-058-767-1618,C5PTQmkYYG,Aurelia_Flynn7005@dionrab.com,6,11/26/2018,0,False,12/19/2022
192,Enoch Ross,"Calderwood   Avenue, 1766",2-424-013-0254,FfO5RBiCCE,Enoch_Ross3243@guentu.biz,0,8/12/1980,0,False,6/4/2022
193,Michael Carter,"Carolina  Drive, 8135",3-515-273-2786,jpbG3oQP5i,Michael_Carter1896@extex.org,5,4/13/1994,0,False,11/22/2022
194,Russel Khan,"Geffrye   Pass, 3358",6-230-752-5027,LXDQOmWJu2,Russel_Khan860@nanoff.biz,2,8/6/1974,2,False,10/26/2022
195,Wade Gonzales,"Durweston   Road, 8937",2-317-450-4837,xH8cmJABaj,Wade_Gonzales7931@hourpy.biz,3,10/21/1997,2,False,8/19/2022
196,Kaylee Grey,"Adelaide  Lane, 4231",2-443-782-5450,v1kTeftQ9B,Kaylee_Grey5750@nimogy.biz,6,6/4/2019,1,False,10/22/2022
197,Percy Rothwell,"Rivervalley Way, 6027",2-001-868-6880,LG4Ytvjdtd,Percy_Rothwell3805@famism.biz,3,7/14/2016,1,False,6/18/2022
198,Anthony Andrews,"Lake Drive, 2645",1-685-846-1133,t54I2AdUqA,Anthony_Andrews6334@bretoux.com,5,6/20/2009,0,False,6/10/2022
199,Courtney Yang,"Gautrey  Way, 3532",5-400-741-1478,FJQPiXLx7b,Courtney_Yang2268@fuliss.net,5,9/14/1981,1,False,8/11/2022
200,Cassidy Saunders,"Central  Lane, 2842",6-882-401-3883,Qqq4XdS0wW,Cassidy_Saunders4499@hourpy.biz,1,8/19/1993,0,False,12/27/2022

