ID,Name,Address,Phone,WeChat,Email,Profession,Birth,Risk,hasDDL,Deadline
1,Harvey Mcguire,"Aylward   Pass, 7580",8-726-106-3337,NvWLaQson8,Harvey_Mcguire4280@hourpy.biz,3,4/20/1970,1,True,12/2/2022
2,Georgia Mcguire,"Sherwood  Crossroad, 965",3-452-022-1244,VcHwf9tt62,Georgia_Mcguire7280@extex.org,4,7/24/1995,2,False,7/28/2022
3,Erica Sloan,"Bayberry Hill, 7356",8-858-144-5286,UN4Nnc3yGv,Erica_Sloan6597@twipet.com,5,2/5/1979,2,True,10/13/2022
4,Eduardo Rowlands,"Enderby   Hill, 9488",3-830-700-8350,5sa7Op3s6E,Eduardo_Rowlands5900@bauros.biz,0,4/2/1983,2,False,9/17/2022
5,Candace Phillips,"Arthur  Drive, 1370",1-451-266-6072,LYl2xJSuk4,Candace_Phillips8815@sveldo.biz,0,3/9/1973,2,True,12/8/2022
6,Logan Hastings,"Enford   Walk, 5067",4-310-038-6886,BhWOOXeJhK,Logan_Hastings8914@famism.biz,6,6/9/2017,2,True,11/6/2022
7,Bob Wright,"Birkin   Road, 6673",6-777-377-5351,gXRUjUQIHI,Bob_Wright1629@extex.org,4,4/12/1977,0,True,9/12/2022
8,Tara Moore,"Blenkarne  Hill, 264",0-641-022-1841,Z55gizLoRU,Tara_Moore5350@ubusive.com,4,10/8/1971,1,False,9/15/2022
9,Sadie Haines,"Bicknell  Way, 8911",7-336-413-4824,zkPrgWxJNK,Sadie_Haines3486@brety.org,6,4/12/2021,2,False,11/24/2022
10,Eileen Rainford,"Fawn Street, 8937",4-481-364-4340,4mXsfmbsUc,Eileen_Rainford5707@nimogy.biz,6,8/30/1991,2,False,7/31/2022
11,Mary Lynn,"Enford   Avenue, 2566",5-132-883-1083,q40b41Bw6d,Mary_Lynn6777@muall.tech,4,3/15/1979,1,True,5/21/2022
12,Megan Ralph,"Anns  Drive, 4765",0-068-367-6776,Yuiw7isHkn,Megan_Ralph528@gompie.com,6,2/17/2014,0,False,10/31/2022
13,Tyson Jefferson,"Balfour    Boulevard, 4933",4-447-263-3666,bQW0BexCI6,Tyson_Jefferson3826@vetan.org,4,7/30/1973,2,False,5/13/2022
14,Charlotte Lomax,"Calverley  Way, 1587",8-363-421-6478,GsKiJ54uCW,Charlotte_Lomax9044@brety.org,2,4/22/2005,0,False,8/31/2022
15,Logan Hunter,"Coley  Alley, 7585",0-587-380-2081,l9kxAmcuoR,Logan_Hunter5862@joiniaa.com,5,11/20/1988,2,False,9/10/2022
16,Emerald Wooldridge,"Littlebury  Crossroad, 7282",6-753-586-5028,JabddLPbOA,Emerald_Wooldridge2727@twipet.com,0,3/27/1988,1,True,5/18/2022
17,Rufus Hastings,"Besson  Vale, 4602",3-366-032-3445,qdnsfdcDKH,Rufus_Hastings7672@infotech44.tech,0,12/22/1977,1,False,8/19/2022
18,Mason Amstead,"Blomfield  Alley, 9540",0-341-432-8230,j67VpXpjuz,Mason_Amstead9050@typill.biz,3,5/29/1972,2,False,12/20/2022
19,Danny Rothwell,"Tisbury  Way, 7622",0-501-872-1512,29WHLl4ECz,Danny_Rothwell7419@sveldo.biz,1,3/14/1992,2,False,7/29/2022
20,Valerie Pond,"Cadogan  Way, 1657",1-376-608-8880,Yxi6Rgzuyo,Valerie_Pond3967@jiman.org,6,7/28/2010,1,False,8/3/2022
21,Phoebe Hood,"Arbutus   Avenue, 3483",1-278-486-4736,72yfvJ047P,Phoebe_Hood7203@acrit.org,0,7/2/1996,2,False,8/5/2022
22,Jack Marshall,"Geffrye   Grove, 8025",0-321-230-4302,CeiGe2xdY1,Jack_Marshall8225@typill.biz,2,9/22/1971,0,False,6/26/2022
23,Noah York,"Arctic   Walk, 828",0-545-235-6215,txD6Ph8Lpw,Noah_York5954@jiman.org,2,8/22/2015,2,True,5/21/2022
24,Fiona Edwards,"Clerkenwell Alley, 6762",8-810-440-3153,a6ISdWKr1s,Fiona_Edwards2165@dionrab.com,0,8/24/1971,2,False,12/12/2022
25,Jackeline Sanchez,"Balham   Walk, 3761",2-210-757-7077,JfM7uyDDqv,Jackeline_Sanchez6671@iatim.tech,3,5/5/2007,1,True,5/13/2022
26,Jack Grant,"Oxford Tunnel, 3764",0-727-767-6480,WIImpotUvH,Jack_Grant3508@elnee.tech,4,7/23/2012,2,False,10/31/2022
27,Cedrick Avery,"Bermondsey    Rue, 9491",2-784-260-1676,QsgPpbmCG7,Cedrick_Avery6175@yahoo.com,0,9/12/1979,1,False,7/13/2022
28,Monica Thompson,"Cable    Boulevard, 1192",6-547-640-2384,uth9nz1TBG,Monica_Thompson5575@bauros.biz,6,4/2/2000,0,False,6/22/2022
29,Summer Murphy,"Baylis  Tunnel, 7023",2-304-251-4374,llUAI0dN0S,Summer_Murphy7233@eirey.tech,3,5/26/2010,0,True,8/27/2022
30,Stephanie Nelson,"King William  Pass, 224",6-581-458-8824,pBaYgFlrVF,Stephanie_Nelson3235@elnee.tech,5,10/11/1990,1,True,9/30/2022
31,Mason Whitmore,"Chicksand  Lane, 1575",0-487-175-1126,3iX6aNMtql,Mason_Whitmore9160@supunk.biz,4,4/28/2004,0,True,11/1/2022
32,Michael Simmons,"Clifton  Way, 5900",2-772-460-3264,iXNiGJOLL2,Michael_Simmons7433@hourpy.biz,3,1/26/1996,0,True,5/3/2022
33,Boris Allen,"Sheringham   Vale, 9357",8-455-215-4813,LYbrhCSx0g,Boris_Allen222@bretoux.com,5,7/5/2004,2,False,12/23/2022
34,Bryon Redwood,"Elizabeth  Street, 3079",0-607-872-1376,zSRZ2Ot9cM,Bryon_Redwood3466@nimogy.biz,1,2/18/1983,0,True,7/31/2022
35,Rocco Benson,"Hickory Lane Crossroad, 8375",5-778-116-7730,aLuGvB0knt,Rocco_Benson1092@infotech44.tech,0,2/20/1996,1,False,11/29/2022
36,Nate Eaton,"Hampden  Road, 1176",5-226-286-3387,K3NGc2vbQY,Nate_Eaton9533@twipet.com,1,9/27/1997,2,True,6/25/2022
37,Rosalyn Samuel,"Fieldstone Walk, 5549",1-334-767-5034,vTwsn8CN5X,Rosalyn_Samuel6394@corti.com,4,8/9/2009,0,False,10/6/2022
38,Marie Summers,"Cave   Grove, 8223",4-884-248-0634,wA0Kh3xwQV,Marie_Summers4181@corti.com,2,1/20/2010,2,True,5/26/2022
39,Camellia Greenwood,"Oxford Boulevard, 2944",4-366-175-1640,t7MdEajqdq,Camellia_Greenwood5414@acrit.org,0,3/25/1986,1,True,12/1/2022
40,Angela Reese,"Thrale   Tunnel, 8921",1-561-532-3830,FW1lAAob3p,Angela_Reese516@brety.org,0,3/17/2005,1,False,7/25/2022
41,Alison Gordon,"Meadow Grove, 9448",8-760-574-5768,ESWNG3rcWF,Alison_Gordon7917@zorer.org,3,5/25/1970,1,True,6/15/2022
42,Rosa Judd,"Castlereagh   Route, 8762",6-657-423-8511,IvD1M7OCPC,Rosa_Judd9426@famism.biz,2,1/18/1997,1,True,10/28/2022
43,Lorraine Bennett,"Sheringham   Drive, 7318",8-703-300-1567,InI0wnQQQb,Lorraine_Bennett5820@cispeto.com,1,12/16/1993,1,True,5/1/2022
44,Alan Dobson,"Sundown Lane, 4632",1-516-455-1676,6zqSZSz3bO,Alan_Dobson8344@sheye.org,1,3/13/2006,2,False,11/23/2022
45,Remy Redden,"Calverley  Rue, 8470",3-545-600-5078,HxeOW39Efv,Remy_Redden2400@bretoux.com,0,3/5/1970,1,True,12/29/2022
46,Ryan Penn,"Camberwell  Avenue, 6305",8-220-561-7568,apIFIVTi2b,Ryan_Penn169@infotech44.tech,3,1/19/2015,1,False,12/24/2022
47,Vera Wooldridge,"Chelsea Manor  Avenue, 2700",6-648-557-0881,EnlL7RxJPx,Vera_Wooldridge3936@joiniaa.com,6,8/15/2008,1,True,6/21/2022
48,Ron Styles,"Bolingbroke  Lane, 2917",4-874-480-8252,HINdRWhKao,Ron_Styles6534@elnee.tech,2,12/16/2006,1,False,8/3/2022
49,Cedrick Fisher,"Fairholt   Grove, 8308",1-080-308-5782,B3cn1dYxSp,Cedrick_Fisher7094@corti.com,5,3/8/1980,1,False,10/12/2022
50,Goldie Cork,"Rivervalley Road, 6221",2-544-132-4173,MGKJbgMzU2,Goldie_Cork6481@twace.org,1,4/11/1983,0,False,6/12/2022
51,Gil Butler,"Heritage Hill, 8265",6-605-143-8171,dkrujdRNTa,Gil_Butler7441@jiman.org,1,11/8/2006,0,True,7/1/2022
52,Kendra Stanton,"Enford   Alley, 7876",4-033-864-5345,3xQY7e03ym,Kendra_Stanton4252@typill.biz,0,7/25/2000,0,False,12/28/2022
53,Phoebe Cox,"Ensign   Boulevard, 107",7-145-436-3565,unQKFNSvR0,Phoebe_Cox8919@mafthy.com,5,3/9/1996,1,False,9/23/2022
54,Makena Morris,"Clarks  Hill, 2268",8-483-822-8261,DJDK8mqG3q,Makena_Morris3302@guentu.biz,4,8/9/1974,0,True,6/8/2022
55,Sarah Holmes,"Hamilton  Walk, 2580",2-606-743-4687,PFqhklXS6B,Sarah_Holmes5603@iatim.tech,3,9/18/1998,2,False,5/19/2022
56,Louise Ventura,"Queensberry  Walk, 5480",5-603-888-0866,h41OuGlNmN,Louise_Ventura8277@sheye.org,6,10/21/2015,0,True,7/28/2022
57,Leroy Malone,"Blenkarne  Hill, 6371",2-258-044-0577,m5MUw8Ifih,Leroy_Malone6969@ovock.tech,2,3/22/1991,1,False,6/26/2022
58,Eduardo Mullins,"Spruce Crossroad, 3372",8-352-664-3342,Xu9FiUNgwi,Eduardo_Mullins3255@irrepsy.com,4,2/24/2001,2,False,9/18/2022
59,Alexia Allington,"Bendall   Way, 6679",6-568-670-0475,9UCwj29qvJ,Alexia_Allington1815@cispeto.com,0,4/13/2020,1,False,8/25/2022
60,Daniel Rosenbloom,"Lake Lane, 7438",7-470-757-2302,F93fjHuCix,Daniel_Rosenbloom5270@deavo.com,3,5/25/1987,0,False,5/3/2022
61,Miriam Mills,"Lake Street, 3824",3-712-535-6347,ybW6VzTr1J,Miriam_Mills3106@eirey.tech,3,8/25/1973,0,False,7/5/2022
62,Matt Curtis,"Colombo   Drive, 9449",2-615-018-6847,9wVOCgqLrW,Matt_Curtis6092@nickia.com,3,7/2/1979,0,True,5/7/2022
63,Luke Yard,"Bingham   Grove, 8676",8-204-027-1314,nPQjpDqY56,Luke_Yard1755@grannar.com,0,11/17/1995,2,False,11/30/2022
64,Bart Andersson,"Dunstable   Route, 9131",2-038-431-0183,dSg5vwB9ql,Bart_Andersson8511@kideod.biz,4,3/9/1985,1,True,6/1/2022
65,Cedrick Tindall,"Collingwood  Way, 1090",2-577-435-6302,gMqSZltry8,Cedrick_Tindall2046@mafthy.com,4,12/26/2010,2,False,12/17/2022
66,Sabrina Chester,"Bekesbourne   Vale, 8883",0-644-256-5122,E0vIE9NE8P,Sabrina_Chester7414@zorer.org,2,11/3/1972,0,False,8/9/2022
67,Jayden Sylvester,"Battersea   Route, 1712",7-455-673-5620,wgLnUzJbNg,Jayden_Sylvester3635@acrit.org,6,11/19/2013,0,False,8/5/2022
68,Sydney Campbell,"Belmore  Way, 1860",6-358-254-3134,gnIobJtvdW,Sydney_Campbell3280@iatim.tech,6,7/18/2018,0,True,6/27/2022
69,Charlotte Pond,"Walnut Rue, 2174",6-175-372-6265,WfJzVxoCGp,Charlotte_Pond8764@acrit.org,2,10/17/1978,1,True,10/3/2022
70,Alan Edmonds,"Kinglake  Avenue, 584",7-232-270-3312,IWjh2vicf1,Alan_Edmonds8777@sveldo.biz,4,1/7/1975,1,True,12/1/2022
71,Tyson Robertson,"Bolingbroke  Road, 2971",7-583-243-4074,3hAL9IpLaj,Tyson_Robertson1078@ovock.tech,5,12/20/1986,0,True,8/2/2022
72,Maia Santos,"Spruce Grove, 6006",4-785-182-1722,z2ktspHDwe,Maia_Santos83@nanoff.biz,6,11/2/1993,1,False,5/16/2022
73,Lily Bryson,"Coleman  Pass, 3476",1-750-747-8385,yooGbnEIWm,Lily_Bryson8877@naiker.biz,5,1/10/1980,1,False,9/15/2022
74,Benjamin Woodley,"Eaglet  Road, 9045",8-383-326-5441,FOVtUEv277,Benjamin_Woodley5393@bretoux.com,3,9/21/1990,0,False,5/10/2022
75,Celina Dobson,"Marischal  Grove, 9377",0-070-740-0824,nMF6YGd8H0,Celina_Dobson8271@corti.com,0,5/21/1995,2,False,8/2/2022
76,Iris Kennedy,"Bede  Way, 9148",1-387-833-8200,caVFQhxmRZ,Iris_Kennedy735@atink.com,3,7/26/2014,0,True,10/7/2022
77,Melinda Ulyatt,"Under  Alley, 890",1-167-482-8753,6lUfGNgADD,Melinda_Ulyatt836@nimogy.biz,1,1/28/1990,1,False,8/6/2022
78,Leroy Watt,"Badric  Drive, 9298",5-335-562-4572,VmABIccePU,Leroy_Watt8613@gompie.com,1,7/17/1980,0,False,11/2/2022
79,Julius Trent,"Carltoun   Rue, 6748",8-075-202-6487,3wtlwxJZHe,Julius_Trent2013@jiman.org,2,11/2/1973,1,False,8/21/2022
80,Zara Verdon,"Maple Lane, 1475",1-452-371-7457,fphLsxee8P,Zara_Verdon7363@deons.tech,1,8/19/1994,1,True,10/27/2022
81,Maggie Myatt,"Caxton  Crossroad, 2044",1-808-486-2554,if63daa1Aw,Maggie_Myatt1815@elnee.tech,0,3/4/2016,1,False,5/26/2022
82,Harmony Davies,"Enderby   Rue, 5217",6-736-812-2334,LE1aAj8GXp,Harmony_Davies3185@iatim.tech,2,10/27/1996,0,False,11/16/2022
83,Tom Wilcox,"Abourne   Street, 7051",7-801-687-6776,q9T0YM6QTP,Tom_Wilcox787@atink.com,5,10/19/2002,1,False,6/12/2022
84,Isla Lewis,"Thorndike   Pass, 5936",7-133-812-3476,2X4cr0Sibd,Isla_Lewis531@tonsy.org,2,3/10/2002,2,False,5/26/2022
85,Henry Harris,"Cephas  Walk, 4955",8-026-624-7887,A2RHu88uLM,Henry_Harris7220@deavo.com,2,11/15/2010,1,False,12/26/2022
86,Russel Salt,"Parkfield  Way, 3269",2-057-207-8460,tCkSLT54wm,Russel_Salt8211@kideod.biz,3,8/14/2017,2,False,12/16/2022
87,Cecilia Latham,"Gatonby   Road, 6799",0-615-220-8631,2lzrZnG4hm,Cecilia_Latham633@tonsy.org,6,1/17/2013,1,False,5/31/2022
88,Noah Lewin,"Rail Tunnel, 6701",6-403-407-4644,88dDBhRyq1,Noah_Lewin4015@bretoux.com,4,3/15/1981,0,True,10/31/2022
89,Gina Benson,"Camden  Route, 7693",6-780-614-3163,XAjyWPdMwE,Gina_Benson5019@supunk.biz,6,8/25/2011,2,False,5/3/2022
90,Wendy Gordon,"Chestnut Rise Crossroad, 618",2-414-337-2337,hjkqOe9REB,Wendy_Gordon7231@bauros.biz,1,2/7/2005,1,False,11/27/2022
91,Michael Emmott,"Beaconsfield  Avenue, 4256",7-722-141-2364,f5xChxDw03,Michael_Emmott8721@muall.tech,4,2/21/1999,0,False,12/17/2022
92,Javier Woods,"Abbotswell  Drive, 2014",3-157-230-7086,OImh5MrsZg,Javier_Woods7812@eirey.tech,1,11/18/2010,1,True,5/31/2022
93,Anne Wilson,"Sheraton   Tunnel, 2032",6-120-363-7238,tuipl5ZGWW,Anne_Wilson256@twipet.com,1,5/15/2014,0,True,10/11/2022
94,Lucas Dillon,"Chamberlain  Walk, 663",4-061-835-4877,1o50o0GP9j,Lucas_Dillon8546@brety.org,3,10/1/2004,2,False,6/4/2022
95,Daria Marshall,"Sherlock   Boulevard, 4533",7-552-076-4605,W4yeqXPgYE,Daria_Marshall3542@brety.org,4,2/4/2008,0,True,7/31/2022
96,Ellen Eagle,"Dunstans  Avenue, 8528",6-756-677-7417,Bj4Xd1AiAi,Ellen_Eagle1562@supunk.biz,0,12/5/2007,1,True,8/24/2022
97,Wade Rigg,"Cedarne  Drive, 9452",1-408-631-7361,M3cSkcd82N,Wade_Rigg7503@atink.com,0,9/28/2005,0,True,10/14/2022
98,David Spencer,"Angela   Route, 3711",6-668-320-2306,TDEtYTCPuG,David_Spencer2451@vetan.org,1,3/3/2022,1,False,8/31/2022
99,Clint Farmer,"Yorkshire  Way, 4186",8-841-336-8747,DMmQaFc8HG,Clint_Farmer7358@deavo.com,1,2/1/1999,2,True,7/27/2022
100,Alexia Hunter,"Baynes  Crossroad, 6386",4-131-347-4373,kLgSMNVomI,Alexia_Hunter3178@sveldo.biz,4,4/23/1975,2,False,10/22/2022
101,Nicole Hamilton,"Blomfield  Walk, 1066",8-600-768-7458,WuOeMDuCux,Nicole_Hamilton4194@nimogy.biz,1,4/20/1973,2,False,11/30/2022
102,Luke Jenkins,"Maple Crossroad, 3247",6-771-038-3737,jgCTiCzBCx,Luke_Jenkins1218@ovock.tech,1,2/11/2009,1,False,12/27/2022
103,Ronald Stark,"Abbots   Vale, 7126",7-504-421-4203,X90gizqavh,Ronald_Stark7263@sheye.org,5,10/22/1991,2,False,12/27/2022
104,Macy Alldridge,"Boadicea   Rue, 4507",1-284-650-0141,2EZKF0OGnk,Macy_Alldridge2985@gompie.com,6,6/30/1975,1,False,8/13/2022
105,Megan Davies,"Badric  Road, 8129",7-653-104-2113,2TC14tDY22,Megan_Davies3710@elnee.tech,5,6/13/1975,2,False,7/21/2022
106,Daniel Trent,"Carpenter Walk, 40",3-444-040-8154,q2K5aPwTXO,Daniel_Trent3534@joiniaa.com,1,6/30/2012,0,False,6/30/2022
107,Lucas Waterhouse,"Church Crossroad, 5551",5-881-356-0335,3zYwBEUoN1,Lucas_Waterhouse614@naiker.biz,1,3/24/1990,1,False,9/21/2022
108,Johnny Shepherd,"Waite  Walk, 1643",0-566-236-8543,eTmqlGyzgP,Johnny_Shepherd1996@gmail.com,5,11/9/2013,2,False,10/7/2022
109,Jocelyn Evans,"Dunsley  Lane, 321",1-471-108-2011,iVP53Qz45Y,Jocelyn_Evans6920@liret.org,1,2/17/2013,1,False,6/21/2022
110,Jenna Middleton,"Camberwell  Rue, 7507",3-504-204-2528,iH7ncSrVtJ,Jenna_Middleton1460@hourpy.biz,4,6/24/2017,2,False,9/15/2022
111,Abdul Walter,"Bendall   Drive, 7306",8-522-458-8183,m05kOxZnFc,Abdul_Walter9880@kideod.biz,2,3/31/2005,1,False,11/3/2022
112,Adeline Boyle,"Dyott   Road, 2541",1-538-682-2528,RB1Q5J3jpR,Adeline_Boyle162@grannar.com,2,4/22/1978,0,False,7/28/2022
113,Eve Cadman,"Lexington Way, 7330",5-131-845-8383,8AY8KGEw6F,Eve_Cadman18@atink.com,3,2/22/2019,2,False,7/17/2022
114,Chester Matthews,"Thorndike   Grove, 6753",1-871-531-8366,htpon80KJi,Chester_Matthews9478@bungar.biz,6,1/26/2000,1,False,9/6/2022
115,Carl Robertson,"Caxton  Crossroad, 5492",4-822-768-5131,wQQHQB9n3r,Carl_Robertson609@mafthy.com,4,9/4/1980,2,False,9/2/2022
116,Rosie Vernon,"Calderwood   Alley, 7982",7-088-563-3840,IS80cXoBv3,Rosie_Vernon2636@nimogy.biz,4,10/13/2015,1,False,9/14/2022
117,Phillip Coleman,"Caldwell   Drive, 4671",5-454-336-0711,DpU4lWTGe6,Phillip_Coleman7566@sheye.org,3,12/5/2016,2,False,7/29/2022
118,Christine Uttridge,"Westcott  Tunnel, 5054",3-674-345-5832,wfbg1tMknH,Christine_Uttridge2837@dionrab.com,4,4/7/2012,0,False,12/28/2022
119,Daphne Clayton,"Sundown Alley, 4015",1-644-852-2025,ZmlXHrQn5I,Daphne_Clayton5235@supunk.biz,2,8/8/1992,1,False,12/22/2022
120,Jack Riley,"Collingwood  Rue, 2237",1-007-754-4184,mpKQnSGFv2,Jack_Riley3700@bulaffy.com,4,3/24/1987,0,False,7/28/2022
121,Robyn Clarkson,"Victoria Rise Hill, 8548",5-263-836-8871,oc5VwLZikR,Robyn_Clarkson832@acrit.org,1,10/22/2001,1,False,6/15/2022
122,Martin Cork,"Lexington Walk, 9944",4-342-766-5087,C68jg3ZwjQ,Martin_Cork4880@grannar.com,4,9/18/2004,2,False,5/23/2022
123,Daniel Garner,"King Grove, 9050",5-313-317-4556,RuLsByylej,Daniel_Garner4503@zorer.org,2,1/22/2017,2,False,12/21/2022
124,Paula Swan,"Black Friars   Boulevard, 5124",4-551-878-4700,tc7ULizfLv,Paula_Swan4975@muall.tech,0,10/14/2005,0,False,10/23/2022
125,Ramon Lane,"Cave   Route, 814",2-847-423-8462,cnKu66jaEe,Ramon_Lane594@gembat.biz,6,1/12/1988,2,False,7/15/2022
126,Harvey Roth,"Rail Grove, 4571",5-224-520-2300,TTSkMtjeH8,Harvey_Roth9882@dionrab.com,1,10/18/1992,0,False,12/27/2022
127,Abbey Parker,"Marina  Route, 936",3-807-204-1760,YUUejPIEGP,Abbey_Parker8138@dionrab.com,2,12/31/1975,2,False,8/22/2022
128,William Adams,"Cam  Lane, 4361",8-734-757-7488,knQ0k1mrYy,William_Adams1572@gmail.com,2,11/25/1983,1,False,9/25/2022
129,Luke Kaur,"Queen Hill, 5202",0-377-473-8411,Vjemzc7OzY,Luke_Kaur8788@tonsy.org,0,9/23/1987,0,False,6/7/2022
130,Luke Hunt,"Castile  Lane, 3874",5-234-223-6028,dUsHONxfih,Luke_Hunt4140@sheye.org,0,5/15/2021,0,False,9/3/2022
131,Percy Flanders,"Cliffords  Pass, 722",4-587-468-3001,fCX0MfPeaA,Percy_Flanders119@grannar.com,5,7/17/2010,1,False,10/24/2022
132,Chuck Tate,"Ensign   Rue, 3034",8-831-007-5085,POUEgBMFbO,Chuck_Tate5007@qater.org,0,3/1/1987,1,False,11/9/2022
133,Barney Paterson,"East Walk, 7685",1-744-342-6348,NzNEYESzTi,Barney_Paterson2860@bretoux.com,1,12/13/1980,2,False,11/25/2022
134,Leanne Vaughn,"Bletchley   Way, 8540",3-627-856-3110,WicN1eTTYz,Leanne_Vaughn2263@bulaffy.com,2,12/3/2003,2,False,7/25/2022
135,Elly Brett,"Dunstans  Tunnel, 6397",2-286-840-8038,tAPBMy0Mkw,Elly_Brett2577@irrepsy.com,3,9/30/2010,1,False,11/15/2022
136,Eden Wigley,"Capeners  Grove, 1583",2-734-656-3860,MPo18xb3ox,Eden_Wigley4821@gmail.com,4,2/13/2002,0,False,12/8/2022
137,Tom Lambert,"Lake Walk, 1632",4-258-357-3716,1VxWwcs2v6,Tom_Lambert3911@bretoux.com,3,9/12/2009,0,False,6/3/2022
138,Emely Dempsey,"Dunstans  Boulevard, 9994",1-248-601-5644,IFDNK8JJ7y,Emely_Dempsey5904@deons.tech,6,6/29/1971,2,False,12/14/2022
139,Johnathan Norris,"Anns  Walk, 7119",1-146-306-5484,qSWLgKn4uy,Johnathan_Norris6023@zorer.org,5,6/18/2002,1,False,7/14/2022
140,Christy Hewitt,"Beaumont  Avenue, 224",1-607-226-0614,NdC4mVsJ5Q,Christy_Hewitt5194@nanoff.biz,6,8/30/2002,1,False,8/21/2022
141,Charlize Young,"Sheringham   Avenue, 3749",6-642-001-2412,VJhurfGJY5,Charlize_Young8742@joiniaa.com,0,7/14/2004,1,False,5/28/2022
142,Ryan Mitchell,"Chantry   Drive, 5438",7-824-316-5175,Y6Gb3RbmVA,Ryan_Mitchell5176@typill.biz,5,7/31/1970,1,False,10/19/2022
143,Helen Saunders,"Littlebury  Pass, 5485",8-446-162-1222,iQogTLgeY9,Helen_Saunders3406@liret.org,6,12/26/1976,1,False,7/17/2022
144,George Richardson,"Carlisle  Way, 2954",6-800-713-4026,DaTilNfhIa,George_Richardson9901@mafthy.com,5,10/9/2019,0,False,7/2/2022
145,Rosalee Rothwell,"Blackheath  Alley, 9817",5-722-628-3473,ike1qYNJ5V,Rosalee_Rothwell1766@liret.org,0,11/11/2021,1,False,7/12/2022
146,Blake Davies,"East Alley, 6867",0-363-564-3205,E8KnclISDG,Blake_Davies6851@typill.biz,6,9/2/1996,2,False,12/14/2022
147,Melania Young,"Black Swan  Avenue, 2855",2-685-811-2800,mAAjUks4Xj,Melania_Young4193@elnee.tech,0,10/17/1975,0,False,12/20/2022
148,Summer Rehman,"Baltic  Drive, 2898",1-818-220-1753,w2Gs0T0bdS,Summer_Rehman6086@infotech44.tech,1,2/5/1975,0,False,9/15/2022
149,Marla Holt,"Lexington Walk, 7939",3-656-318-4280,5xf9g53yCV,Marla_Holt1024@bungar.biz,4,2/26/2022,2,False,9/7/2022
150,Kaylee Collins,"Balfe   Lane, 9190",2-362-154-2566,ZrwbSz6sSI,Kaylee_Collins6710@nickia.com,1,1/7/1992,1,False,9/9/2022
151,Brooklyn Bentley,"Bendall   Avenue, 3572",4-751-210-2166,Chkwmuc04u,Brooklyn_Bentley3702@naiker.biz,1,10/15/1978,0,False,12/5/2022
152,Johnny Milner,"Rosewood Lane, 3041",1-585-641-3111,6zklIBZ9Qr,Johnny_Milner3077@liret.org,4,1/19/2016,2,False,9/13/2022
153,David Kaur,"St. Jamess  Grove, 6721",8-868-382-7652,ofnk0ZOwL4,David_Kaur9427@iatim.tech,4,3/13/2000,2,False,10/21/2022
154,Sara Lakey,"King Edward  Route, 9273",1-641-186-8886,LVQv8W9TZi,Sara_Lakey436@famism.biz,1,8/14/2018,0,False,6/20/2022
155,Macy Gordon,"Fairfield  Hill, 6729",1-438-744-6533,oA7WKpMNtN,Macy_Gordon5485@vetan.org,0,11/8/2006,0,False,8/25/2022
156,Gina Ramsey,"Black Friars   Grove, 4113",7-858-450-8474,RPxco2QMNM,Gina_Ramsey635@joiniaa.com,6,2/6/2017,2,False,8/24/2022
157,Jocelyn Dallas,"Calderwood   Hill, 1467",4-304-015-5151,a6MMxkoACW,Jocelyn_Dallas7000@tonsy.org,1,3/20/1987,2,False,10/25/2022
158,Norah Wren,"Ben   Lane, 7081",7-411-105-5505,QrgwzNzJFr,Norah_Wren2155@brety.org,6,10/20/2013,1,False,10/27/2022
159,Alexander Lomax,"Besson  Road, 2807",3-877-544-1275,OvxAlyPUHU,Alexander_Lomax7101@famism.biz,1,10/15/1987,0,False,7/17/2022
160,Enoch Evans,"Apsley    Boulevard, 3683",4-456-748-8250,Qp56p1mfo8,Enoch_Evans825@qater.org,2,7/19/1997,0,False,6/23/2022
161,Kurt Gilmour,"Fairview Grove, 8328",0-416-804-7808,wVpYbqRJYD,Kurt_Gilmour79@zorer.org,0,7/27/1989,0,False,9/17/2022
162,Lana Cobb,"Bell    Route, 4769",7-580-245-2511,zNAvDpDV1r,Lana_Cobb8328@grannar.com,5,11/28/1993,0,False,8/23/2022
163,Audrey Farmer,"Camera  Pass, 9291",4-011-062-1846,4whwBCMl32,Audrey_Farmer9180@nanoff.biz,4,7/29/2006,1,False,5/3/2022
164,Willow Haines,"Baynes  Pass, 7121",1-364-147-3843,0L0Di5fbex,Willow_Haines7366@deavo.com,4,10/20/1997,0,False,7/19/2022
165,Chris Reynolds,"Cadogan  Grove, 1446",7-558-716-4375,M7P4ZqJAS7,Chris_Reynolds4279@tonsy.org,5,4/24/1979,0,False,8/8/2022
166,Maxwell Lewis,"Longleigh   Pass, 3673",1-183-416-2827,AnHLVZ5xDw,Maxwell_Lewis3844@gmail.com,5,4/26/1991,1,False,7/16/2022
167,Denis Clarkson,"Aspen Street, 489",1-126-635-8137,L5qkztL5JB,Denis_Clarkson309@nimogy.biz,1,12/22/1970,0,False,12/8/2022
168,Benjamin Duvall,"Canning  Road, 9991",6-141-810-6021,P4CBFdCu5y,Benjamin_Duvall6589@bulaffy.com,5,4/24/1993,2,False,11/2/2022
169,Hayden Morris,"Vine  Boulevard, 8828",7-787-155-6671,B1GLCOttrq,Hayden_Morris8509@infotech44.tech,0,11/26/1995,1,False,9/20/2022
170,Eduardo Hunter,"Berriman  Hill, 7882",5-747-762-0635,vvnM840SOj,Eduardo_Hunter6619@dionrab.com,3,3/1/1984,2,False,7/22/2022
171,Cedrick Wilton,"Lexington Boulevard, 7642",6-021-471-0510,1zVN4s3mmZ,Cedrick_Wilton2698@dionrab.com,3,1/11/1973,1,False,9/17/2022
172,Ryan Overson,"Tisbury  Road, 4458",8-237-242-7611,ecqWc5uJBO,Ryan_Overson4014@grannar.com,2,3/16/1999,2,False,8/29/2022
173,Bridget Walker,"Clavell   Tunnel, 5775",1-602-103-7105,ps9Njs9SCK,Bridget_Walker9965@extex.org,0,4/24/2007,0,False,9/4/2022
174,Julianna Turner,"Canon Street, 4832",7-317-871-8803,64NYNw8kyc,Julianna_Turner681@qater.org,6,2/18/1998,0,False,6/27/2022
175,Matthew Boyle,"Hamilton  Alley, 8975",1-638-757-2156,WnYBvjKPEn,Matthew_Boyle33@brety.org,1,4/6/2014,0,False,7/23/2022
176,Sofia Parker,"Fairholt   Vale, 9708",1-885-077-3741,s7BQKAIG0Y,Sofia_Parker7255@jiman.org,3,5/9/1983,2,False,5/9/2022
177,Fred Yarlett,"Chamberlain  Alley, 9707",0-725-455-7346,kxUjXnbT9X,Fred_Yarlett9024@iatim.tech,3,8/2/1991,0,False,6/4/2022
178,Harry Carter,"Linda   Road, 6228",4-542-547-5650,kzHkMLwJ94,Harry_Carter9249@sheye.org,6,1/13/1987,1,False,12/18/2022
179,Julian James,"Calshot   Lane, 9665",5-004-440-8443,oiDri2m7q3,Julian_James1911@deons.tech,4,11/18/2002,1,False,11/13/2022
180,Hayden Dixon,"Zealand Grove, 7722",7-510-523-3887,vWPEa8S0UX,Hayden_Dixon8659@ubusive.com,4,8/29/2008,2,False,9/30/2022
181,Sebastian Hamilton,"Caedmon  Vale, 3246",6-715-004-5087,nbFYATcSAf,Sebastian_Hamilton9866@nickia.com,0,2/26/1988,1,False,8/2/2022
182,George Graham,"Marina  Rue, 7035",0-126-881-1778,ktHywJBRtd,George_Graham3170@tonsy.org,1,8/17/1998,1,False,7/12/2022
183,Bryon Haines,"Chester      Vale, 3528",1-335-871-0663,pa6Ov9ANAg,Bryon_Haines2254@mafthy.com,6,4/19/1997,0,False,5/21/2022
184,Rosalie Emmett,"Hammersmith  Route, 7545",6-317-351-7313,rrKz41ZFl9,Rosalie_Emmett435@hourpy.biz,1,7/8/2005,1,False,11/16/2022
185,Dasha Pickard,"Fairbairn  Avenue, 8991",0-860-134-6061,hfvvsl6GRx,Dasha_Pickard7037@corti.com,1,1/31/1988,2,False,12/1/2022
186,William Vinton,"Angrave    Vale, 2956",5-135-028-7644,FrPFYckqLU,William_Vinton3141@bauros.biz,2,3/11/2012,0,False,8/20/2022
187,Caydence Rothwell,"Chart   Street, 626",0-143-273-5005,pG68SXC12n,Caydence_Rothwell5854@vetan.org,6,10/9/1972,1,False,5/24/2022
188,Tony Potter,"Kingly  Alley, 201",6-821-176-7732,P8SackjXjf,Tony_Potter4499@dionrab.com,4,9/8/1970,2,False,9/4/2022
189,Owen Stewart,"Dunstans  Walk, 2725",8-301-175-1164,L6hfU5jIMg,Owen_Stewart2476@famism.biz,6,2/22/2015,0,False,5/25/2022
190,Margot Knott,"Queen Avenue, 1764",2-121-220-3266,wSlusWET5f,Margot_Knott4994@bulaffy.com,2,9/22/2000,2,False,12/17/2022
191,Paige Powell,"Cliff  Pass, 5355",0-873-027-1386,SjkpyOzh14,Paige_Powell2595@corti.com,6,6/26/2013,2,False,10/24/2022
192,Rae Button,"Vine  Route, 2681",5-240-554-4201,JY0n0b3kXl,Rae_Button4868@kideod.biz,6,7/11/1979,2,False,5/31/2022
193,Owen Kennedy,"Fairfield  Tunnel, 1930",2-205-250-4181,w48pGyhzVq,Owen_Kennedy6743@nimogy.biz,1,6/17/2020,1,False,5/24/2022
194,Nate Darcy,"Chart   Pass, 6112",2-357-837-4517,Nn4fijyoz3,Nate_Darcy8874@bulaffy.com,1,2/18/2015,2,False,10/8/2022
195,Leroy Quinton,"Bigland  Tunnel, 6183",5-143-173-6856,nL3sZgc7vN,Leroy_Quinton3019@muall.tech,1,11/18/1995,2,False,9/2/2022
196,Fred Watt,"Beechen  Road, 9781",7-352-507-8456,j4gYRgQ6Se,Fred_Watt9115@guentu.biz,4,4/9/1974,1,False,5/16/2022
197,Susan Sylvester,"Marischal  Rue, 4765",0-482-487-0581,Ehsd5f8Kf3,Susan_Sylvester6345@twipet.com,3,10/15/1999,1,False,9/26/2022
198,Angelique Windsor,"Mariner  Vale, 1505",2-146-784-6403,rPMjbKaozx,Angelique_Windsor8701@joiniaa.com,0,11/11/1987,1,False,12/14/2022
199,Bryce Dwyer,"Carnegie   Rue, 5801",1-335-287-3867,j9SVYrbVue,Bryce_Dwyer4306@liret.org,0,5/4/1974,2,False,7/19/2022
200,Lucas Ellwood,"College  Crossroad, 4346",1-116-537-4570,pP5FuKXetC,Lucas_Ellwood6201@joiniaa.com,0,5/27/1993,1,False,12/19/2022

