ID,Name,Address,Phone,WeChat,Email,Profession,Birth,Risk,hasDDL,Deadline
1,Ramon Fleming,"Viscount   Rue, 2987",5-237-010-0442,fbsDxWwTP0,Ramon_Fleming1016@bungar.biz,2,1/27/1991,2,True,10/16/2022
2,Denis Abbey,"Argyle  Alley, 2771",3-782-304-6005,0OcbcTCa0x,Denis_Abbey1631@atink.com,6,4/7/2013,1,False,6/25/2022
3,Wendy Briggs,"Blue Anchor  Road, 3963",5-577-876-8674,g8PdPrFZC1,Wendy_Briggs2644@twipet.com,6,4/3/2013,1,False,7/16/2022
4,Shay Curtis,"Burton  Lane, 9770",5-245-668-4552,DQ7gYU8DSr,Shay_Curtis4672@twipet.com,2,9/23/1995,0,True,12/12/2022
5,Martin Stone,"Cobden  Vale, 1205",6-650-123-0477,WNnQL6MKxN,Martin_Stone355@joiniaa.com,1,9/26/2004,1,False,9/28/2022
6,Matt Wilcox,"Belmore  Alley, 2324",4-342-451-4116,jdX3nSWWSW,Matt_Wilcox5172@cispeto.com,4,11/11/1979,0,False,7/24/2022
7,Skylar Saunders,"Oxford Walk, 982",6-363-101-3086,d3y1B41DSA,Skylar_Saunders9057@cispeto.com,6,12/17/2014,0,True,5/15/2022
8,Wendy Walton,"Queensberry  Route, 1452",8-120-476-2028,rGgFv1wfLi,Wendy_Walton6584@twipet.com,6,5/13/2018,0,True,6/15/2022
9,Manuel Edley,"Bayberry Route, 9814",2-148-130-0171,DmLkS1SG77,Manuel_Edley1408@deons.tech,1,5/23/1972,0,False,5/28/2022
10,Nate Varndell,"East Walk, 5747",4-842-611-2208,WYYBGHS0BH,Nate_Varndell8508@hourpy.biz,6,6/20/2009,0,False,5/30/2022
11,William Barclay,"Bermondsey    Grove, 9228",8-871-268-0472,1hwbqFhi8d,William_Barclay386@famism.biz,0,5/21/2018,2,True,8/12/2022
12,Hank Powell,"Castlereagh   Rue, 9984",7-553-028-6068,INcb73wNu3,Hank_Powell1204@famism.biz,3,2/21/1992,2,False,10/19/2022
13,Michaela Mcleod,"Blendon    Alley, 6683",5-172-021-3402,Md4GpiG8IQ,Michaela_Mcleod3184@infotech44.tech,5,5/22/1971,0,True,9/7/2022
14,Joseph Pratt,"Bempton   Grove, 1379",6-516-848-8442,Tq5ZQK8NeB,Joseph_Pratt4619@atink.com,6,12/26/1997,2,False,7/20/2022
15,Ron Cunningham,"Chelsea Manor  Crossroad, 5309",5-216-215-7185,Wl8HSbNJ4A,Ron_Cunningham79@gembat.biz,0,10/10/1980,1,True,5/18/2022
16,Hanna Page ,"Blackheath   Rue, 3273",4-677-681-6602,8I5glGFgqg,Hanna_Page 7197@eirey.tech,2,11/5/2013,0,False,5/9/2022
17,Nicholas Boden,"Chapel  Route, 2345",3-014-406-1125,K47xvbXABu,Nicholas_Boden2321@gompie.com,2,11/12/1972,1,True,8/3/2022
18,Clint Russell,"Cecilia  Lane, 7444",8-067-771-5057,zWVeLbyYRp,Clint_Russell4065@deavo.com,6,10/8/2015,2,False,6/13/2022
19,Mandy Osmond,"Longleigh   Avenue, 1875",0-727-343-3700,vZmEkSy76a,Mandy_Osmond4930@guentu.biz,5,10/31/1994,0,False,10/22/2022
20,Holly Corbett,"Mariner   Way, 3255",4-075-231-7133,pvjvm5jXGM,Holly_Corbett2586@dionrab.com,0,10/12/1988,1,True,8/26/2022
21,Denny Burnley,"Belmore  Avenue, 692",0-487-208-6358,hefHOAvQ26,Denny_Burnley3@elnee.tech,6,3/15/2020,0,True,12/15/2022
22,Fred Russel,"Addison  Pass, 3153",3-667-288-6413,49nHBD64Tj,Fred_Russel8309@iatim.tech,0,9/15/2002,1,True,12/7/2022
23,Mackenzie Brooks,"Viscount   Rue, 103",0-658-006-3105,XRbtiEuPCd,Mackenzie_Brooks7607@jiman.org,0,8/4/1985,0,False,11/13/2022
24,Skylar Jennson,"Calderwood   Drive, 6015",5-003-644-5181,dTnhSegmhH,Skylar_Jennson6309@twipet.com,2,12/27/1981,0,True,7/23/2022
25,Jack Oakley,"Tisbury  Boulevard, 7810",0-371-621-5382,qEZd6uqKkZ,Jack_Oakley1385@supunk.biz,2,5/12/2001,0,False,9/7/2022
26,Bryce Salt,"Elf  Way, 8974",8-402-552-3146,EquX17gk2p,Bryce_Salt5235@irrepsy.com,1,8/17/1992,2,True,6/3/2022
27,Eduardo Dwyer,"Garfield Pass, 9489",4-245-348-3457,RftOc9vw4I,Eduardo_Dwyer530@cispeto.com,3,1/24/1990,0,False,10/31/2022
28,Nathan Upton,"Howard Crossroad, 9716",6-061-771-2018,WWxxcvBPYc,Nathan_Upton5380@jiman.org,0,6/13/2017,1,False,8/13/2022
29,Moira Palmer,"Linden Way, 5293",7-630-433-0785,AkagMyuTyX,Moira_Palmer3011@infotech44.tech,1,7/15/2007,1,False,6/14/2022
30,Courtney Eastwood,"Apostle  Avenue, 5117",5-404-135-4282,h9xIjsKRt7,Courtney_Eastwood8749@supunk.biz,0,10/20/2007,2,True,5/8/2022
31,Eduardo Cann,"Parkfield  Drive, 2955",1-825-454-5580,99vitD5tDy,Eduardo_Cann7206@mafthy.com,3,7/3/2019,1,True,7/7/2022
32,Janelle Fleming,"Cave   Way, 746",6-828-604-4247,Wv5ddWqrwW,Janelle_Fleming2902@fuliss.net,2,4/14/2006,0,False,5/28/2022
33,Rocco Weatcroft,"Shepherds  Lane, 9105",1-781-384-2405,6CysY83OyP,Rocco_Weatcroft5560@liret.org,4,7/27/1988,1,False,5/9/2022
34,Bob Jenkin,"Gathorne   Road, 7814",3-441-812-4887,haEplkOvv2,Bob_Jenkin3426@brety.org,6,12/11/1970,0,True,5/12/2022
35,Boris Webster,"Howard Walk, 1795",2-415-742-6108,HHQ4EwlK6C,Boris_Webster20@bretoux.com,5,4/7/2018,2,True,9/7/2022
36,Bryon Nicholls,"Black Friars   Alley, 5311",6-311-288-5438,c11ISNXoBy,Bryon_Nicholls2945@famism.biz,1,5/8/1995,2,True,12/1/2022
37,Danielle Radcliffe,"Arctic   Hill, 9925",7-032-806-5411,ydDsXW6rzO,Danielle_Radcliffe4110@typill.biz,6,10/28/1993,1,True,8/15/2022
38,Julian Yarwood,"Champion  Street, 4196",6-105-401-4882,4bsuZRd2qI,Julian_Yarwood4510@extex.org,6,11/21/2007,2,True,9/5/2022
39,Percy Flett,"Yorkshire  Avenue, 3822",1-426-245-1874,X0fRQJK4aG,Percy_Flett3453@iatim.tech,6,11/25/1989,1,False,5/24/2022
40,Cadence Tailor,"East Rue, 2003",3-780-417-2878,IPFRxyYSmW,Cadence_Tailor4877@corti.com,1,5/30/2006,2,True,6/2/2022
41,Sebastian Wills,"Queen Route, 2442",7-817-687-7167,uADz3WnWMs,Sebastian_Wills4263@bretoux.com,2,9/13/2006,0,True,7/25/2022
42,Peter Anderson,"Linda   Way, 7466",4-411-637-4717,yMKhakvFiS,Peter_Anderson3241@hourpy.biz,1,6/23/1991,0,False,9/18/2022
43,Marilyn Emmott,"St. Jamess  Rue, 3159",2-157-140-7437,imBbJs7wFo,Marilyn_Emmott8908@atink.com,3,4/15/2000,1,True,6/4/2022
44,Penelope Aldridge,"Blackpool  Road, 8703",5-738-400-0154,TVkoYCIT5v,Penelope_Aldridge4665@elnee.tech,1,4/21/1980,2,True,8/26/2022
45,Mike Ellison,"Clavell   Road, 5555",1-637-871-4070,gnFGGcRuDi,Mike_Ellison1622@eirey.tech,5,6/17/1975,0,True,12/12/2022
46,Matt Russell,"Dyott   Street, 3746",2-867-281-7732,Lc99CfjtPb,Matt_Russell6641@elnee.tech,1,4/8/2020,1,False,5/12/2022
47,Oliver Hill,"Chalcot  Hill, 1511",4-455-463-0664,e085ogg4Bg,Oliver_Hill2426@corti.com,5,4/11/1989,0,True,10/2/2022
48,Daniel Wade,"Angrave    Rue, 2251",7-216-540-0400,3dhnSC4RGl,Daniel_Wade2785@zorer.org,2,8/23/1972,0,False,9/29/2022
49,Alexia Farrow,"Apollo  Vale, 8165",3-051-265-4837,GfkmkdvnKD,Alexia_Farrow7803@typill.biz,3,1/17/1995,1,True,6/16/2022
50,Bob Wood,"Betton  Road, 3055",6-027-141-2056,VJ9vnPMp7r,Bob_Wood8281@dionrab.com,3,3/22/1981,2,True,12/20/2022
51,Janelle Osmond,"Sherwood  Boulevard, 9645",1-767-670-6602,bDFl68xofK,Janelle_Osmond1614@acrit.org,6,6/6/2001,1,True,6/8/2022
52,Cedrick Rivers,"Capeners  Walk, 3723",4-537-746-5640,qSwx8cwNvN,Cedrick_Rivers2585@tonsy.org,6,4/17/2016,0,True,11/27/2022
53,Harry Clarke,"Hickory Lane Vale, 811",2-011-640-1873,SB9KRYZ8z9,Harry_Clarke3257@gmail.com,0,2/15/2001,2,False,6/11/2022
54,Rihanna Armstrong,"Catherine  Street, 4073",8-343-256-0161,YfUF6nGhZz,Rihanna_Armstrong9875@bretoux.com,4,7/25/2005,1,True,6/1/2022
55,Benny Wild,"Callcott   Pass, 250",5-580-064-2045,Cfyj8Hvtx4,Benny_Wild8375@grannar.com,1,2/29/2000,1,True,5/22/2022
56,Peyton Price,"Birkbeck  Rue, 9086",0-378-307-3874,FN5HuDugJi,Peyton_Price5268@qater.org,3,11/9/1993,2,False,12/6/2022
57,Eden Jacobs,"Ampton  Pass, 4846",0-785-084-4301,UqhVdeTega,Eden_Jacobs8238@gmail.com,4,6/16/2021,0,False,10/29/2022
58,Danny Walker,"Ashley Grove, 4613",3-158-152-4420,rFODMdSkh9,Danny_Walker826@bretoux.com,5,5/21/1986,1,False,12/5/2022
59,Wade Ianson,"Boadicea   Avenue, 4147",2-487-403-6882,Sq3dT3umdO,Wade_Ianson5798@twace.org,5,12/7/1991,0,False,12/27/2022
60,Caleb Ralph,"Vine  Route, 2673",2-554-354-8573,cxALtUFYnO,Caleb_Ralph3180@iatim.tech,1,9/18/2018,1,True,6/6/2022
61,Adina Uddin,"Cobden  Grove, 8188",2-742-442-7841,EGtCA7eiOH,Adina_Uddin262@ubusive.com,4,6/9/2004,2,True,11/15/2022
62,Taylor Mitchell,"Bletchley   Rue, 4079",8-641-602-5215,bELrRe3ogc,Taylor_Mitchell8148@ovock.tech,3,4/11/2005,1,True,6/15/2022
63,Hope Mccormick,"Oxford Crossroad, 5847",6-316-835-4708,5pK7GsFfPp,Hope_Mccormick7647@jiman.org,4,1/20/2020,2,True,11/6/2022
64,Regina Harrison,"Thomas More   Hill, 3029",8-853-628-5116,Zol43Iau2s,Regina_Harrison6829@iatim.tech,4,2/27/1984,0,False,8/8/2022
65,Matthew Rodwell,"Cable    Drive, 6971",0-065-436-3188,QepjNSAEJX,Matthew_Rodwell3613@ubusive.com,2,1/30/2012,0,True,11/7/2022
66,Danny Ward,"York Alley, 9093",8-343-818-7514,G0yTqra0Pe,Danny_Ward2233@tonsy.org,6,3/30/1979,2,False,7/3/2022
67,Helen Douglas,"North Boulevard, 6571",2-871-663-5610,gI0ZpQeKRW,Helen_Douglas5271@yahoo.com,5,1/3/2015,1,False,11/9/2022
68,Rufus Martin,"Caedmon  Tunnel, 5051",3-166-761-0656,YxASv7FRkd,Rufus_Martin6850@sveldo.biz,2,2/15/1988,2,True,7/9/2022
69,Sonya Allwood,"Cato   Lane, 1294",8-188-638-0714,SvpBoBWWjU,Sonya_Allwood2252@nanoff.biz,5,11/15/1985,0,False,12/18/2022
70,Bryon Stone,"Black Friars   Way, 9570",3-206-384-5521,c7Txt7FpPO,Bryon_Stone8050@famism.biz,5,12/5/1982,0,True,12/5/2022
71,William Morris,"South Avenue, 3178",0-546-745-7383,pdYshPObb2,William_Morris8299@grannar.com,6,1/15/1991,0,False,9/17/2022
72,Mason Hope,"Cleaver Drive, 7591",2-221-223-2667,5CBaKBhWfu,Mason_Hope950@naiker.biz,4,9/22/1986,0,True,6/26/2022
73,Phillip Hopkins,"Coalecroft  Way, 1696",8-373-853-5805,v5dAKbrybL,Phillip_Hopkins2612@tonsy.org,4,3/15/1993,2,False,9/29/2022
74,Johnny Moss,"Coleman  Way, 6673",4-420-340-7601,0kL8qOQ8J9,Johnny_Moss866@brety.org,0,6/12/1993,2,False,12/20/2022
75,Julian Murray,"Angel  Street, 9814",7-767-560-6170,6YbpWsFmYm,Julian_Murray3143@guentu.biz,6,12/25/1972,0,False,10/5/2022
76,Lucy Addley,"Kimberley  Hill, 6813",8-040-506-6450,6exWc8rwaB,Lucy_Addley6062@gompie.com,6,3/3/1982,0,False,12/21/2022
77,Michael Wise,"South Route, 482",4-085-265-2581,rHJpXgixlH,Michael_Wise2968@vetan.org,6,11/18/2004,1,False,10/11/2022
78,Helen Adler,"Kinglake  Pass, 5299",3-561-326-3200,ODx5JdA3DR,Helen_Adler770@zorer.org,5,8/31/1982,0,False,10/23/2022
79,Aiden Khan,"Norland  Hill, 4057",4-023-730-4774,oGoPRv54X1,Aiden_Khan3208@tonsy.org,3,1/29/1986,1,False,9/26/2022
80,Barry May,"Vine  Road, 8074",8-753-203-1086,liKhJ2sDSD,Barry_May2688@infotech44.tech,2,11/24/1980,0,False,8/24/2022
81,Wendy Warden,"Pine Tunnel, 2408",0-175-684-2833,Fbsvq4MJy2,Wendy_Warden8123@twace.org,6,12/2/1995,2,False,8/9/2022
82,Kimberly Patel,"Baynes  Rue, 2086",0-855-637-1360,hpcWPCyEOS,Kimberly_Patel9883@womeona.net,2,12/4/1970,1,False,6/19/2022
83,Grace Reynolds,"Rosewood Tunnel, 1038",5-410-473-8487,qUc4AXPmau,Grace_Reynolds2008@nimogy.biz,3,1/31/1997,1,False,5/25/2022
84,Enoch Reid,"Victoria Rise Drive, 1500",7-514-041-0075,430Vbzqg2z,Enoch_Reid6752@ubusive.com,0,12/19/2015,2,False,6/6/2022
85,Maddison Rust,"Balham   Route, 9919",3-867-715-6518,L8ETMUGmyX,Maddison_Rust8282@nanoff.biz,6,2/15/2004,0,False,8/10/2022
86,Jane Powell,"South Tunnel, 6816",5-466-188-2126,4jiljxxMEl,Jane_Powell2225@acrit.org,2,9/29/2007,1,False,6/23/2022
87,Daniel Steer,"Monroe Rue, 6843",7-328-440-6880,LRMFYGWB2G,Daniel_Steer4579@muall.tech,4,7/20/1975,1,False,8/24/2022
88,Alan Emmett,"Chapel  Crossroad, 2231",2-046-305-5777,tayjWsk2ja,Alan_Emmett4362@supunk.biz,1,8/14/1992,2,False,8/20/2022
89,Matt Uddin,"Bliss  Boulevard, 732",3-365-868-2884,WdSxyrTPq7,Matt_Uddin7891@nimogy.biz,0,1/22/1987,0,False,8/14/2022
90,Ronald Lane,"Bendmore  Boulevard, 6947",6-670-202-1872,lslHituQ0e,Ronald_Lane3151@twace.org,2,10/22/1993,0,False,6/5/2022
91,Shay Shea,"Earl Rise Rue, 2357",7-053-270-6662,4hdMbocliA,Shay_Shea5862@twace.org,1,11/9/2004,2,False,9/26/2022
92,Jack Shields,"Balfour    Vale, 6286",6-383-423-4344,eBION5arxN,Jack_Shields8635@extex.org,5,1/12/1973,1,False,11/1/2022
93,Logan Baker,"Longleigh   Rue, 4359",0-071-310-8774,QDVZ2aOVVX,Logan_Baker8267@sveldo.biz,4,4/16/2008,0,False,9/26/2022
94,Chester Bell,"Camera  Boulevard, 9386",0-865-247-8581,XXUDQ7Ocw6,Chester_Bell179@vetan.org,1,6/15/1981,1,False,11/20/2022
95,Allison Gilmour,"Blake  Boulevard, 2459",7-143-427-3131,yVh9FTjX67,Allison_Gilmour308@ubusive.com,2,5/31/1974,0,False,6/9/2022
96,Julian Andersson,"Westbourne Way, 9890",4-151-002-3311,gHXRv3JU8u,Julian_Andersson8296@acrit.org,4,10/14/1984,1,False,9/10/2022
97,Felicity Hogg,"Bell    Tunnel, 707",2-158-353-4817,X1pOpv74TF,Felicity_Hogg1579@naiker.biz,0,10/23/2002,2,False,7/20/2022
98,Rick Reynolds,"Colombo   Street, 6503",3-313-312-2170,dN68EVbQYC,Rick_Reynolds6259@mafthy.com,3,6/17/2016,2,False,8/10/2022
99,Adelaide Jarrett,"Queen Caroline   Pass, 4682",6-351-374-8262,yKymuytcVo,Adelaide_Jarrett6717@acrit.org,3,5/19/1989,0,False,5/30/2022
100,Danny Power,"Bocking   Alley, 382",4-522-351-8517,N9WyF9CvnH,Danny_Power6018@bulaffy.com,6,12/18/1998,0,False,10/18/2022
101,Miley Cox,"Sherlock   Street, 7635",5-727-388-3846,Bpd45oTq8g,Miley_Cox7868@bauros.biz,5,3/26/1995,1,False,10/27/2022
102,Nate Dyson,"Antrobus   Way, 6504",4-635-166-1473,CZNOxBiV2T,Nate_Dyson3175@typill.biz,1,2/22/2012,1,False,9/30/2022
103,Harvey Hill,"Chicksand  Hill, 8078",7-306-264-5622,utsVK3HzXf,Harvey_Hill297@deavo.com,6,5/31/1983,2,False,8/4/2022
104,Violet Crawley,"Yoakley Lane, 1136",3-471-277-8628,RRJSxtIZdW,Violet_Crawley958@bungar.biz,2,4/12/2014,1,False,12/12/2022
105,Ramon Johnson,"English   Pass, 3759",8-263-405-7221,GscuPlgVyJ,Ramon_Johnson6497@ubusive.com,1,12/7/1990,0,False,10/7/2022
106,Andie Gordon,"Bayberry Crossroad, 7367",7-783-370-6863,mK3NV9c9VA,Andie_Gordon786@brety.org,6,9/18/2001,2,False,11/21/2022
107,Daron Ramsey,"Cingworth  Lane, 5876",1-353-800-4710,7gfssHBxYH,Daron_Ramsey3559@brety.org,1,8/19/2018,2,False,10/6/2022
108,Anabelle Flanders,"Chapel  Road, 5690",8-177-674-1721,pIecunTalF,Anabelle_Flanders4614@muall.tech,6,12/20/1994,0,False,6/20/2022
109,Davina Giles,"Chantry   Way, 479",6-765-688-0840,M5Ydbf7Xre,Davina_Giles4302@guentu.biz,5,9/4/1975,2,False,7/3/2022
110,Adalind Fowler,"Egerton  Vale, 5034",0-217-007-5604,hf3iV42bTT,Adalind_Fowler314@deons.tech,3,6/16/1981,1,False,10/9/2022
111,Maxwell Porter,"Cavaye  Pass, 985",5-018-062-7743,4o1LAMsjyg,Maxwell_Porter2729@famism.biz,3,6/19/1990,0,False,5/20/2022
112,Brad Boyle,"Linden Route, 5007",0-660-766-8658,hf5jUAkhA7,Brad_Boyle6198@mafthy.com,3,5/7/1991,0,False,6/1/2022
113,Holly Nash,"Boleyn  Walk, 6361",2-785-342-1632,RmXhYFOpN9,Holly_Nash4587@naiker.biz,5,11/24/1997,0,False,11/4/2022
114,Livia Groves,"Chatsworth  Alley, 8673",2-546-573-8436,TRioyCKCYU,Livia_Groves8702@dionrab.com,0,1/5/2003,1,False,10/22/2022
115,Tyson Wooldridge,"Bishop   Alley, 6908",4-286-846-2280,f8shYedGbX,Tyson_Wooldridge6930@bretoux.com,0,11/6/2005,1,False,12/3/2022
116,Alba Bishop,"Virgil   Alley, 1807",4-146-310-3258,c7pT17yCRP,Alba_Bishop2834@nimogy.biz,0,3/28/1971,2,False,8/13/2022
117,Javier Snow,"Charterhouse  Pass, 4750",5-710-230-3080,JSx5KgasRw,Javier_Snow4722@grannar.com,5,12/9/1977,2,False,9/30/2022
118,Nick Pierce,"Belfort  Pass, 5898",0-057-327-5875,x0brGPY0eW,Nick_Pierce48@brety.org,6,5/13/1989,0,False,5/24/2022
119,Matthew Addis,"Erindale Grove, 8715",8-407-474-5751,qzPNCStenM,Matthew_Addis1211@corti.com,3,6/14/2007,0,False,6/28/2022
120,Leslie Cobb,"Tisbury  Boulevard, 5386",1-374-230-4814,IKypz9eJtt,Leslie_Cobb8155@elnee.tech,6,1/11/1989,2,False,5/16/2022
121,Emerald Hale,"Abbey   Boulevard, 2982",6-578-403-1268,dsmxVB5Ikq,Emerald_Hale1719@brety.org,3,8/31/1977,1,False,9/14/2022
122,Rhea Parker,"Camelot   Grove, 2568",2-540-456-6116,V1sll5Q0eW,Rhea_Parker1842@naiker.biz,2,10/5/1977,2,False,7/29/2022
123,Maddison Lakey,"Collent   Vale, 5629",2-802-111-4231,sk53DxG0iR,Maddison_Lakey8705@deons.tech,2,4/7/2009,1,False,12/20/2022
124,Melody Alldridge,"Blomfield  Tunnel, 9304",6-752-550-5822,g2iRZ3ndAX,Melody_Alldridge1530@dionrab.com,5,11/17/1990,2,False,12/16/2022
125,Jack Hudson,"West Crossroad, 1046",1-201-232-5074,dGQilw34lE,Jack_Hudson7095@zorer.org,3,5/13/1987,2,False,6/7/2022
126,Sage Johnson,"Empress  Avenue, 9716",5-828-041-5315,W1PBaXiwJt,Sage_Johnson3553@hourpy.biz,1,7/14/2004,1,False,8/19/2022
127,Roger Drew,"Bond Route, 8740",8-054-172-4336,kKUOSKIOsv,Roger_Drew3928@nanoff.biz,6,5/27/2009,0,False,5/5/2022
128,Martin Stone,"Ashley Drive, 8668",0-138-675-0658,RupHh5mxWz,Martin_Stone3413@liret.org,2,3/26/1991,0,False,9/6/2022
129,Willow Roberts,"Balham   Tunnel, 8828",1-815-065-4766,JdlCt5AjTc,Willow_Roberts3948@ovock.tech,0,2/4/1976,0,False,9/11/2022
130,Candice Lyon,"Blomfield  Route, 6629",6-843-833-5285,9m8av7Fh9n,Candice_Lyon2439@irrepsy.com,1,11/22/1976,1,False,9/26/2022
131,Michael Dixon,"Cavendish Street, 7352",5-401-751-3438,CBXBdbMS6j,Michael_Dixon8465@atink.com,1,6/22/1985,1,False,11/24/2022
132,Bernadette Swift,"Buttonwood Grove, 5708",7-308-152-2700,tNRJwZ1ziM,Bernadette_Swift4194@extex.org,4,10/8/1999,0,False,7/13/2022
133,Rylee Rehman,"Chamberlain  Road, 7228",8-072-712-5556,Tf1WZadaoZ,Rylee_Rehman1067@liret.org,6,4/6/2012,0,False,5/2/2022
134,Penelope Shaw,"Betton  Walk, 4468",2-454-285-8366,SsYS123cyK,Penelope_Shaw7615@kideod.biz,4,12/23/1999,0,False,11/15/2022
135,Hayden Randall,"Bermondsey    Rue, 8259",3-014-264-3762,rQ9QeG420d,Hayden_Randall2249@iatim.tech,0,4/24/2016,2,False,7/20/2022
136,Marvin Turner,"York Route, 8680",8-055-004-6686,m4zVIYAjQD,Marvin_Turner7815@elnee.tech,2,10/11/1989,1,False,11/24/2022
137,Domenic Matthews,"Blore  Alley, 7785",5-800-661-3226,nYGxHoNM4m,Domenic_Matthews8300@twace.org,4,10/1/1972,2,False,8/29/2022
138,Gloria Warden,"Glenwood Rue, 6644",8-031-316-4176,a0KKtzcBDn,Gloria_Warden2952@corti.com,2,9/1/2013,1,False,7/30/2022
139,Rufus Palmer,"Caxton  Street, 8436",8-560-104-6582,RToBnlAW8e,Rufus_Palmer1236@famism.biz,3,9/28/1993,0,False,6/26/2022
140,Agnes Russell,"Udall   Alley, 7728",8-883-408-7438,ejNVwiNlvJ,Agnes_Russell1745@mafthy.com,6,5/16/2009,1,False,5/10/2022
141,Jazmin Hepburn,"Cardinal Road, 3689",4-077-663-0734,WzWmtW9oHC,Jazmin_Hepburn8365@gmail.com,3,7/24/1986,0,False,9/29/2022
142,Rita Mcgregor,"Ashley Street, 50",0-021-463-4831,KA2TopSfBJ,Rita_Mcgregor3625@guentu.biz,0,5/10/2009,0,False,7/27/2022
143,Andie Ryan,"Balfe   Drive, 6453",3-007-548-3854,EPM0oHPW9g,Andie_Ryan7537@irrepsy.com,3,10/4/2021,2,False,5/26/2022
144,David Jones,"Cavaye  Grove, 2946",5-764-023-5748,S38HmkhxBD,David_Jones5278@gompie.com,4,8/8/1997,1,False,7/9/2022
145,Mayleen Rivers,"Canon Route, 7052",2-752-374-3604,yRZOHOC5Bh,Mayleen_Rivers9601@fuliss.net,0,11/9/1979,1,False,9/11/2022
146,Sharon Wilkinson,"Babmaes    Tunnel, 7199",4-354-146-3714,CFWKQzfGfU,Sharon_Wilkinson7008@deavo.com,2,8/7/1994,1,False,6/11/2022
147,Carl Thorpe,"Fairfield  Crossroad, 7206",0-083-844-7843,bLuYyrUEQx,Carl_Thorpe5710@naiker.biz,5,2/20/1972,2,False,12/22/2022
148,Harmony Oliver,"Cleaver Route, 9605",4-720-566-0763,8Zj4hRKXbP,Harmony_Oliver5847@bungar.biz,6,1/8/1999,1,False,5/25/2022
149,Carter Richardson,"Glenwood Vale, 3138",6-101-588-0478,h35r26Xhn7,Carter_Richardson9637@nimogy.biz,4,9/16/2000,2,False,6/25/2022
150,Bart Ingham,"Camden  Tunnel, 5656",0-534-154-0388,5KgWwgZjl8,Bart_Ingham6663@acrit.org,3,12/11/2002,0,False,8/2/2022
151,Stacy Gosling,"Addison  Avenue, 272",4-887-023-4684,FLpkXT21tC,Stacy_Gosling6960@typill.biz,5,5/24/1998,2,False,6/8/2022
152,Ronald Whitmore,"Cavendish Grove, 3356",8-002-128-4318,tUw9xJJSMd,Ronald_Whitmore2178@gompie.com,4,3/10/2010,1,False,9/26/2022
153,Colleen Rogers,"English   Way, 2478",7-376-038-0527,mNP1wbcg7F,Colleen_Rogers3403@guentu.biz,5,1/6/2002,0,False,6/21/2022
154,Barney Fulton,"Wadham  Hill, 3492",1-002-685-1585,H9mJee9F5G,Barney_Fulton1902@famism.biz,4,12/12/1974,2,False,7/30/2022
155,Ramon Page ,"Durham Alley, 6195",5-110-305-8785,ZxmO9DfJe6,Ramon_Page 4130@bretoux.com,6,9/7/2000,2,False,6/25/2022
156,Grace Watson,"Boleyn  Vale, 107",5-128-186-2878,udlqJyPfZ1,Grace_Watson8089@deons.tech,5,12/19/2004,0,False,12/18/2022
157,Rocco King,"Collins  Pass, 6302",2-870-243-2711,xcvJxCjSYc,Rocco_King4492@fuliss.net,4,12/20/2013,2,False,5/9/2022
158,Daniel Ward,"Dutton   Avenue, 1967",3-140-115-5807,iCVLw5NNZD,Daniel_Ward640@vetan.org,6,5/17/1978,1,False,11/28/2022
159,Harmony Tutton,"Bective  Hill, 6960",1-725-043-1638,ryEISkl4b0,Harmony_Tutton519@extex.org,5,1/13/1982,0,False,11/28/2022
160,Dorothy Baldwin,"King Crossroad, 6769",2-181-211-0865,TBG1I0iXSB,Dorothy_Baldwin5093@qater.org,5,12/25/1997,2,False,9/14/2022
161,Julius Redwood,"Bacton   Avenue, 658",5-385-258-5503,LliosTHnQI,Julius_Redwood9059@nanoff.biz,0,1/26/1979,2,False,12/26/2022
162,Harry Randall,"King William  Avenue, 9780",0-457-538-1543,CLO5qQ6YL9,Harry_Randall1759@nimogy.biz,3,6/13/1974,2,False,6/14/2022
163,Marla Coates,"Durnford  Grove, 7898",0-313-787-7302,k1U8zwIrNQ,Marla_Coates7012@ubusive.com,3,11/17/1986,2,False,8/6/2022
164,Benjamin Horton,"Blackwall  Rue, 1453",4-287-651-2637,IpOgWCqDee,Benjamin_Horton3187@qater.org,0,1/16/2003,0,False,11/30/2022
165,Stella Whinter,"Rosewood Walk, 7314",1-174-321-2065,RPMoLbxLSe,Stella_Whinter9274@dionrab.com,2,8/4/1998,1,False,9/18/2022
166,Nicholas Weasley,"Tilloch   Pass, 3781",2-713-651-2844,9TeONHfA8i,Nicholas_Weasley905@bauros.biz,3,7/8/1979,2,False,10/20/2022
167,Phillip Stone,"Collins  Hill, 9488",1-318-052-3011,8SuyIFoQtN,Phillip_Stone2846@supunk.biz,3,1/9/2013,1,False,8/19/2022
168,Carissa Thomas,"Ashley Avenue, 5892",7-876-167-2885,GWys4CoKpq,Carissa_Thomas7271@infotech44.tech,3,7/25/2005,2,False,7/4/2022
169,Brad Ellwood,"Belfort  Route, 866",4-544-031-1270,Nly3F9VCct,Brad_Ellwood6164@acrit.org,2,2/7/2004,2,False,8/25/2022
170,David Brooks,"Archery  Avenue, 3316",4-781-506-3672,Fn7W4OM1xZ,David_Brooks4583@jiman.org,6,12/13/1989,1,False,11/27/2022
171,Liam Vernon,"Bede  Rue, 6126",4-580-136-2627,Bkp4FkBu5D,Liam_Vernon2114@nimogy.biz,6,10/4/2020,0,False,6/16/2022
172,Judith Ryan,"Parkfields Rue, 9938",8-673-878-1772,qduiR26FbK,Judith_Ryan7985@eirey.tech,1,9/19/1972,1,False,9/11/2022
173,Denny Robinson,"Ashley Road, 1331",7-012-144-6608,lHOyKcjWGV,Denny_Robinson5934@zorer.org,4,1/20/1984,2,False,11/29/2022
174,Ethan Lewin,"Cloth  Road, 5414",2-652-182-1868,z46xNIa7SL,Ethan_Lewin8238@infotech44.tech,3,10/29/1978,1,False,9/4/2022
175,Benjamin Tait,"Sheffield Way, 3213",5-170-206-8130,ODtWcuJIvP,Benjamin_Tait1079@womeona.net,2,2/6/1983,0,False,7/5/2022
176,Doug Rust,"Thoresby   Street, 1368",5-601-523-7437,wZzEfqfwzs,Doug_Rust6122@qater.org,6,8/16/1978,0,False,8/15/2022
177,Meredith Barrett,"Fairview Rue, 9573",0-457-241-0512,gIXZD2A9J4,Meredith_Barrett9600@brety.org,0,5/23/2017,2,False,8/8/2022
178,Valerie Vallins,"Coborn  Rue, 6863",2-377-086-5505,GXgDHwh2Pn,Valerie_Vallins7843@jiman.org,0,11/20/2009,1,False,5/14/2022
179,Joy Farrow,"South Drive, 9982",3-276-728-2653,cKaCdHxHIM,Joy_Farrow3663@ovock.tech,2,6/20/2021,1,False,5/4/2022
180,Jasmine Asher,"Parkgate  Vale, 4528",0-340-755-7233,Ttyx9TbsCg,Jasmine_Asher8646@muall.tech,1,1/16/2001,1,False,8/31/2022
181,Shelby Ingram,"Magnolia Hill, 3814",1-871-161-6080,h0I5KwSaTt,Shelby_Ingram3600@acrit.org,4,12/28/2017,2,False,6/11/2022
182,Goldie Lindsay,"Colombo   Alley, 8877",2-015-586-4688,hdPoyiMSSB,Goldie_Lindsay1184@famism.biz,0,11/25/2007,0,False,5/27/2022
183,Miriam Burge,"Sundown Road, 9471",1-126-058-5600,1Jx1LDK52T,Miriam_Burge1994@gembat.biz,3,9/22/2013,0,False,10/12/2022
184,Paula Ellis,"Linden Road, 918",6-072-121-3675,9vKn5715XR,Paula_Ellis9745@gmail.com,4,10/9/1988,1,False,8/4/2022
185,Brad Shepherd,"Bliss  Tunnel, 5903",4-823-460-8627,5XnxxpK39g,Brad_Shepherd3768@bauros.biz,4,2/15/1993,0,False,9/12/2022
186,Carmen Maxwell,"Boleyn  Street, 6699",1-603-143-4025,MEPDGMj8m1,Carmen_Maxwell1546@bungar.biz,2,11/5/2006,2,False,5/19/2022
187,Erick Morrow,"East Hill, 9735",4-286-738-3271,J9ly8xvpPK,Erick_Morrow3352@naiker.biz,3,10/11/1981,1,False,11/18/2022
188,Benny Crawley,"Byland  Hill, 3566",8-868-386-3380,ftRxHfXg5F,Benny_Crawley582@infotech44.tech,0,7/21/2020,1,False,10/25/2022
189,Megan Andrews,"Spruce Vale, 2927",1-844-220-6100,1nmQ37u8Ez,Megan_Andrews7286@bungar.biz,1,1/10/1979,2,False,9/11/2022
190,Camden Cadman,"Bolton  Walk, 6559",1-373-178-5032,y2GcZ8RT2B,Camden_Cadman6586@sheye.org,4,7/18/1996,2,False,7/11/2022
191,Chris Ward,"Sheffield Drive, 3113",3-635-266-0631,UL2nijL1vM,Chris_Ward5896@sheye.org,6,1/15/1975,0,False,8/28/2022
192,Bryon Skinner,"Blean   Boulevard, 7838",5-554-782-0628,uqNGw5Zfc2,Bryon_Skinner2168@qater.org,5,6/23/2015,1,False,7/9/2022
193,Margaret Adams,"Burton  Vale, 1302",4-678-066-0863,2p23ZszlD5,Margaret_Adams1080@brety.org,2,2/26/1970,0,False,11/18/2022
194,Marvin Keys,"Durweston   Pass, 1215",0-825-736-8168,IpDMaAe7h0,Marvin_Keys1450@extex.org,2,12/10/2016,2,False,5/18/2022
195,Eileen Harper,"Cavaye  Avenue, 5934",7-833-468-1141,14MR371uHy,Eileen_Harper4185@fuliss.net,2,11/15/2003,0,False,9/25/2022
196,Noah Garcia,"Cobden  Crossroad, 2049",7-314-518-8110,7VXwX59rco,Noah_Garcia8043@nanoff.biz,6,8/4/2016,1,False,6/12/2022
197,Marissa Whittle,"Viscount   Walk, 4345",1-188-155-5538,t5Zi8MLiYU,Marissa_Whittle3908@kideod.biz,5,5/25/2019,0,False,5/23/2022
198,Evie Dempsey,"Central  Pass, 2441",5-280-333-5832,F9aGvrH9gq,Evie_Dempsey7782@grannar.com,1,2/20/1984,0,False,6/3/2022
199,Deborah Bradshaw,"Belgrave  Grove, 5092",2-376-183-6147,sPLj1tqyx2,Deborah_Bradshaw7234@kideod.biz,6,5/18/1981,2,False,7/18/2022
200,Jayden Asher,"Spruce Vale, 2709",1-745-136-2672,vhonk60d0X,Jayden_Asher7054@dionrab.com,0,6/27/1980,2,False,12/6/2022

